{
  "version": 3,
  "targets": {
    ".NETFramework,Version=v4.6.1": {
      "AvalonEdit/5.0.3": {
        "type": "package",
        "compile": {
          "lib/Net40/_._": {}
        },
        "runtime": {
          "lib/Net40/ICSharpCode.AvalonEdit.dll": {}
        }
      },
      "BouncyCastle/1.8.5": {
        "type": "package",
        "compile": {
          "lib/_._": {}
        },
        "runtime": {
          "lib/BouncyCastle.Crypto.dll": {}
        }
      },
      "ClosedXML/0.87.1": {
        "type": "package",
        "dependencies": {
          "DocumentFormat.OpenXml": "2.5.0"
        },
        "compile": {
          "lib/net40/_._": {}
        },
        "runtime": {
          "lib/net40/ClosedXML.dll": {}
        }
      },
      "CsvHelper/2.13.5": {
        "type": "package",
        "compile": {
          "lib/net40-client/_._": {}
        },
        "runtime": {
          "lib/net40-client/CsvHelper.dll": {}
        }
      },
      "DocumentFormat.OpenXml/2.5.0": {
        "type": "package",
        "compile": {
          "lib/_._": {}
        },
        "runtime": {
          "lib/DocumentFormat.OpenXml.dll": {}
        }
      },
      "DocX/1.0.0.18": {
        "type": "package",
        "compile": {
          "lib/net40/_._": {}
        },
        "runtime": {
          "lib/net40/DocX.dll": {}
        }
      },
      "Extended.Wpf.Toolkit/2.8.0": {
        "type": "package",
        "frameworkAssemblies": [
          "PresentationCore",
          "PresentationFramework",
          "System",
          "System.Xaml",
          "WindowsBase"
        ],
        "compile": {
          "lib/net40/_._": {}
        },
        "runtime": {
          "lib/net40/Xceed.Wpf.AvalonDock.Themes.Aero.dll": {},
          "lib/net40/Xceed.Wpf.AvalonDock.Themes.Metro.dll": {},
          "lib/net40/Xceed.Wpf.AvalonDock.Themes.VS2010.dll": {},
          "lib/net40/Xceed.Wpf.AvalonDock.dll": {},
          "lib/net40/Xceed.Wpf.DataGrid.dll": {},
          "lib/net40/Xceed.Wpf.Toolkit.dll": {}
        },
        "resource": {
          "lib/net40/de/Xceed.Wpf.AvalonDock.resources.dll": {
            "locale": "de"
          },
          "lib/net40/es/Xceed.Wpf.AvalonDock.resources.dll": {
            "locale": "es"
          },
          "lib/net40/fr/Xceed.Wpf.AvalonDock.resources.dll": {
            "locale": "fr"
          },
          "lib/net40/hu/Xceed.Wpf.AvalonDock.resources.dll": {
            "locale": "hu"
          },
          "lib/net40/it/Xceed.Wpf.AvalonDock.resources.dll": {
            "locale": "it"
          },
          "lib/net40/pt-BR/Xceed.Wpf.AvalonDock.resources.dll": {
            "locale": "pt-BR"
          },
          "lib/net40/ro/Xceed.Wpf.AvalonDock.resources.dll": {
            "locale": "ro"
          },
          "lib/net40/ru/Xceed.Wpf.AvalonDock.resources.dll": {
            "locale": "ru"
          },
          "lib/net40/sv/Xceed.Wpf.AvalonDock.resources.dll": {
            "locale": "sv"
          },
          "lib/net40/zh-Hans/Xceed.Wpf.AvalonDock.resources.dll": {
            "locale": "zh-Hans"
          }
        }
      },
      "interop.domino.dll/1.0.0": {
        "type": "package",
        "compile": {
          "lib/_._": {}
        },
        "runtime": {
          "lib/Interop.Domino.dll": {}
        }
      },
      "Microsoft.AspNet.SignalR.Client/2.4.0": {
        "type": "package",
        "dependencies": {
          "Newtonsoft.Json": "6.0.4"
        },
        "frameworkAssemblies": [
          "System.Net.Http",
          "System.Net.Http.WebRequest"
        ],
        "compile": {
          "lib/net45/_._": {}
        },
        "runtime": {
          "lib/net45/Microsoft.AspNet.SignalR.Client.dll": {}
        }
      },
      "Microsoft.Exchange.WebServices/2.2.0": {
        "type": "package",
        "compile": {
          "lib/40/_._": {}
        },
        "runtime": {
          "lib/40/Microsoft.Exchange.WebServices.Auth.dll": {},
          "lib/40/Microsoft.Exchange.WebServices.dll": {}
        }
      },
      "Microsoft.Rest.ClientRuntime/2.3.20": {
        "type": "package",
        "dependencies": {
          "Newtonsoft.Json": "10.0.3"
        },
        "frameworkAssemblies": [
          "System.Net",
          "System.Net.Http",
          "System.Net.Http.WebRequest",
          "System.Runtime",
          "System.Runtime.Serialization"
        ],
        "compile": {
          "lib/net461/_._": {}
        },
        "runtime": {
          "lib/net461/Microsoft.Rest.ClientRuntime.dll": {}
        }
      },
      "Microsoft.VisualStudio.OLE.Interop/7.10.6071": {
        "type": "package",
        "compile": {
          "lib/_._": {}
        },
        "runtime": {
          "lib/Microsoft.VisualStudio.OLE.Interop.dll": {}
        }
      },
      "Newtonsoft.Json/11.0.2": {
        "type": "package",
        "compile": {
          "lib/net45/_._": {}
        },
        "runtime": {
          "lib/net45/Newtonsoft.Json.dll": {}
        }
      },
      "NPOI/2.4.1": {
        "type": "package",
        "dependencies": {
          "SharpZipLib": "1.0.0"
        },
        "compile": {
          "lib/net45/_._": {}
        },
        "runtime": {
          "lib/net45/NPOI.OOXML.dll": {},
          "lib/net45/NPOI.OpenXml4Net.dll": {},
          "lib/net45/NPOI.OpenXmlFormats.dll": {},
          "lib/net45/NPOI.dll": {}
        }
      },
      "SharpZipLib/1.0.0": {
        "type": "package",
        "compile": {
          "lib/net45/_._": {}
        },
        "runtime": {
          "lib/net45/ICSharpCode.SharpZipLib.dll": {}
        }
      },
      "System.ValueTuple/4.5.0": {
        "type": "package",
        "frameworkAssemblies": [
          "System",
          "mscorlib"
        ],
        "compile": {
          "ref/net461/_._": {}
        },
        "runtime": {
          "lib/net461/System.ValueTuple.dll": {}
        }
      },
      "UiPath/20.2.7345.19097-preview": {
        "type": "package",
        "compile": {
          "lib/_._": {}
        },
        "runtime": {
          "lib/UiPath.Interop.dll": {}
        },
        "build": {
          "build/_._": {}
        }
      },
      "UiPath.ComplexScenarios.Activities/1.0.0-beta.751974": {
        "type": "package",
        "compile": {
          "lib/net461/_._": {}
        },
        "runtime": {
          "lib/net461/UiPath.ComplexScenarios.Design.dll": {}
        },
        "resource": {
          "lib/net461/de/UiPath.ComplexScenarios.Design.resources.dll": {
            "locale": "de"
          },
          "lib/net461/es-MX/UiPath.ComplexScenarios.Design.resources.dll": {
            "locale": "es-MX"
          },
          "lib/net461/es/UiPath.ComplexScenarios.Design.resources.dll": {
            "locale": "es"
          },
          "lib/net461/fr/UiPath.ComplexScenarios.Design.resources.dll": {
            "locale": "fr"
          },
          "lib/net461/ja/UiPath.ComplexScenarios.Design.resources.dll": {
            "locale": "ja"
          },
          "lib/net461/ko/UiPath.ComplexScenarios.Design.resources.dll": {
            "locale": "ko"
          },
          "lib/net461/pt-BR/UiPath.ComplexScenarios.Design.resources.dll": {
            "locale": "pt-BR"
          },
          "lib/net461/pt/UiPath.ComplexScenarios.Design.resources.dll": {
            "locale": "pt"
          },
          "lib/net461/ru/UiPath.ComplexScenarios.Design.resources.dll": {
            "locale": "ru"
          },
          "lib/net461/tr/UiPath.ComplexScenarios.Design.resources.dll": {
            "locale": "tr"
          },
          "lib/net461/zh-CN/UiPath.ComplexScenarios.Design.resources.dll": {
            "locale": "zh-CN"
          }
        }
      },
      "UiPath.Excel.Activities/2.8.1-beta.753242": {
        "type": "package",
        "dependencies": {
          "ClosedXML": "0.87.1",
          "CsvHelper": "2.13.5",
          "DocumentFormat.OpenXml": "2.5.0",
          "Microsoft.VisualStudio.OLE.Interop": "7.10.6071",
          "NPOI": "2.4.1",
          "SharpZipLib": "1.0.0"
        },
        "compile": {
          "lib/net461/_._": {}
        },
        "runtime": {
          "lib/net461/UiPath.Excel.Activities.Design.dll": {},
          "lib/net461/UiPath.Excel.Activities.dll": {},
          "lib/net461/UiPath.Excel.dll": {}
        },
        "resource": {
          "lib/net461/de/UiPath.Excel.Activities.Design.resources.dll": {
            "locale": "de"
          },
          "lib/net461/de/UiPath.Excel.Activities.resources.dll": {
            "locale": "de"
          },
          "lib/net461/de/UiPath.Excel.resources.dll": {
            "locale": "de"
          },
          "lib/net461/es-MX/UiPath.Excel.Activities.Design.resources.dll": {
            "locale": "es-MX"
          },
          "lib/net461/es-MX/UiPath.Excel.Activities.resources.dll": {
            "locale": "es-MX"
          },
          "lib/net461/es-MX/UiPath.Excel.resources.dll": {
            "locale": "es-MX"
          },
          "lib/net461/es/UiPath.Excel.Activities.Design.resources.dll": {
            "locale": "es"
          },
          "lib/net461/es/UiPath.Excel.Activities.resources.dll": {
            "locale": "es"
          },
          "lib/net461/es/UiPath.Excel.resources.dll": {
            "locale": "es"
          },
          "lib/net461/fr/UiPath.Excel.Activities.Design.resources.dll": {
            "locale": "fr"
          },
          "lib/net461/fr/UiPath.Excel.Activities.resources.dll": {
            "locale": "fr"
          },
          "lib/net461/fr/UiPath.Excel.resources.dll": {
            "locale": "fr"
          },
          "lib/net461/ja/UiPath.Excel.Activities.Design.resources.dll": {
            "locale": "ja"
          },
          "lib/net461/ja/UiPath.Excel.Activities.resources.dll": {
            "locale": "ja"
          },
          "lib/net461/ja/UiPath.Excel.resources.dll": {
            "locale": "ja"
          },
          "lib/net461/ko/UiPath.Excel.Activities.Design.resources.dll": {
            "locale": "ko"
          },
          "lib/net461/ko/UiPath.Excel.Activities.resources.dll": {
            "locale": "ko"
          },
          "lib/net461/ko/UiPath.Excel.resources.dll": {
            "locale": "ko"
          },
          "lib/net461/pt-BR/UiPath.Excel.Activities.Design.resources.dll": {
            "locale": "pt-BR"
          },
          "lib/net461/pt-BR/UiPath.Excel.Activities.resources.dll": {
            "locale": "pt-BR"
          },
          "lib/net461/pt-BR/UiPath.Excel.resources.dll": {
            "locale": "pt-BR"
          },
          "lib/net461/pt/UiPath.Excel.Activities.Design.resources.dll": {
            "locale": "pt"
          },
          "lib/net461/pt/UiPath.Excel.Activities.resources.dll": {
            "locale": "pt"
          },
          "lib/net461/pt/UiPath.Excel.resources.dll": {
            "locale": "pt"
          },
          "lib/net461/ru/UiPath.Excel.Activities.Design.resources.dll": {
            "locale": "ru"
          },
          "lib/net461/ru/UiPath.Excel.Activities.resources.dll": {
            "locale": "ru"
          },
          "lib/net461/ru/UiPath.Excel.resources.dll": {
            "locale": "ru"
          },
          "lib/net461/tr/UiPath.Excel.Activities.Design.resources.dll": {
            "locale": "tr"
          },
          "lib/net461/tr/UiPath.Excel.Activities.resources.dll": {
            "locale": "tr"
          },
          "lib/net461/tr/UiPath.Excel.resources.dll": {
            "locale": "tr"
          },
          "lib/net461/zh-CN/UiPath.Excel.Activities.Design.resources.dll": {
            "locale": "zh-CN"
          },
          "lib/net461/zh-CN/UiPath.Excel.Activities.resources.dll": {
            "locale": "zh-CN"
          },
          "lib/net461/zh-CN/UiPath.Excel.resources.dll": {
            "locale": "zh-CN"
          }
        }
      },
      "UiPath.Mail.Activities/1.8.1-beta.753077": {
        "type": "package",
        "dependencies": {
          "BouncyCastle": "1.8.5",
          "Microsoft.Exchange.WebServices": "2.2.0",
          "System.ValueTuple": "4.5.0",
          "interop.domino.dll": "1.0.0"
        },
        "compile": {
          "lib/net461/_._": {}
        },
        "runtime": {
          "lib/net461/MailKit.dll": {},
          "lib/net461/MimeKit.dll": {},
          "lib/net461/UiPath.Mail.Activities.Design.dll": {},
          "lib/net461/UiPath.Mail.Activities.dll": {},
          "lib/net461/UiPath.Mail.dll": {}
        },
        "resource": {
          "lib/net461/de/UiPath.Mail.Activities.Design.resources.dll": {
            "locale": "de"
          },
          "lib/net461/de/UiPath.Mail.Activities.resources.dll": {
            "locale": "de"
          },
          "lib/net461/de/UiPath.Mail.resources.dll": {
            "locale": "de"
          },
          "lib/net461/es-MX/UiPath.Mail.Activities.Design.resources.dll": {
            "locale": "es-MX"
          },
          "lib/net461/es-MX/UiPath.Mail.Activities.resources.dll": {
            "locale": "es-MX"
          },
          "lib/net461/es-MX/UiPath.Mail.resources.dll": {
            "locale": "es-MX"
          },
          "lib/net461/es/UiPath.Mail.Activities.Design.resources.dll": {
            "locale": "es"
          },
          "lib/net461/es/UiPath.Mail.Activities.resources.dll": {
            "locale": "es"
          },
          "lib/net461/es/UiPath.Mail.resources.dll": {
            "locale": "es"
          },
          "lib/net461/fr/UiPath.Mail.Activities.Design.resources.dll": {
            "locale": "fr"
          },
          "lib/net461/fr/UiPath.Mail.Activities.resources.dll": {
            "locale": "fr"
          },
          "lib/net461/fr/UiPath.Mail.resources.dll": {
            "locale": "fr"
          },
          "lib/net461/ja/UiPath.Mail.Activities.Design.resources.dll": {
            "locale": "ja"
          },
          "lib/net461/ja/UiPath.Mail.Activities.resources.dll": {
            "locale": "ja"
          },
          "lib/net461/ja/UiPath.Mail.resources.dll": {
            "locale": "ja"
          },
          "lib/net461/ko/UiPath.Mail.Activities.Design.resources.dll": {
            "locale": "ko"
          },
          "lib/net461/ko/UiPath.Mail.Activities.resources.dll": {
            "locale": "ko"
          },
          "lib/net461/ko/UiPath.Mail.resources.dll": {
            "locale": "ko"
          },
          "lib/net461/pt-BR/UiPath.Mail.Activities.Design.resources.dll": {
            "locale": "pt-BR"
          },
          "lib/net461/pt-BR/UiPath.Mail.Activities.resources.dll": {
            "locale": "pt-BR"
          },
          "lib/net461/pt-BR/UiPath.Mail.resources.dll": {
            "locale": "pt-BR"
          },
          "lib/net461/pt/UiPath.Mail.Activities.Design.resources.dll": {
            "locale": "pt"
          },
          "lib/net461/pt/UiPath.Mail.Activities.resources.dll": {
            "locale": "pt"
          },
          "lib/net461/pt/UiPath.Mail.resources.dll": {
            "locale": "pt"
          },
          "lib/net461/ru/UiPath.Mail.Activities.Design.resources.dll": {
            "locale": "ru"
          },
          "lib/net461/ru/UiPath.Mail.Activities.resources.dll": {
            "locale": "ru"
          },
          "lib/net461/ru/UiPath.Mail.resources.dll": {
            "locale": "ru"
          },
          "lib/net461/tr/UiPath.Mail.Activities.Design.resources.dll": {
            "locale": "tr"
          },
          "lib/net461/tr/UiPath.Mail.Activities.resources.dll": {
            "locale": "tr"
          },
          "lib/net461/tr/UiPath.Mail.resources.dll": {
            "locale": "tr"
          },
          "lib/net461/zh-CN/UiPath.Mail.Activities.Design.resources.dll": {
            "locale": "zh-CN"
          },
          "lib/net461/zh-CN/UiPath.Mail.Activities.resources.dll": {
            "locale": "zh-CN"
          },
          "lib/net461/zh-CN/UiPath.Mail.resources.dll": {
            "locale": "zh-CN"
          }
        }
      },
      "UiPath.OCR.Contracts/2.3.0-preview": {
        "type": "package",
        "compile": {
          "lib/net45/_._": {}
        },
        "runtime": {
          "lib/net45/UiPath.OCR.Contracts.dll": {}
        }
      },
      "UiPath.OmniPage.Activities/1.3.0-preview": {
        "type": "package",
        "dependencies": {
          "Newtonsoft.Json": "11.0.2",
          "UiPath.OCR.Contracts": "2.3.0-preview",
          "UiPath.OmniPage.Bundle": "1.0.1"
        },
        "compile": {
          "lib/net452/_._": {}
        },
        "runtime": {
          "lib/net452/UiPath.OmniPage.Activities.Design.dll": {},
          "lib/net452/UiPath.OmniPage.Activities.dll": {},
          "lib/net452/UiPath.OmniPage.Host32.exe": {},
          "lib/net452/UiPath.Vision.OmniPage.Core.dll": {},
          "lib/net452/UiPath.Vision.OmniPage.dll": {}
        },
        "resource": {
          "lib/net452/de/UiPath.OmniPage.Activities.Design.resources.dll": {
            "locale": "de"
          },
          "lib/net452/de/UiPath.OmniPage.Activities.resources.dll": {
            "locale": "de"
          },
          "lib/net452/es-MX/UiPath.OmniPage.Activities.Design.resources.dll": {
            "locale": "es-MX"
          },
          "lib/net452/es-MX/UiPath.OmniPage.Activities.resources.dll": {
            "locale": "es-MX"
          },
          "lib/net452/es/UiPath.OmniPage.Activities.Design.resources.dll": {
            "locale": "es"
          },
          "lib/net452/es/UiPath.OmniPage.Activities.resources.dll": {
            "locale": "es"
          },
          "lib/net452/fr/UiPath.OmniPage.Activities.Design.resources.dll": {
            "locale": "fr"
          },
          "lib/net452/fr/UiPath.OmniPage.Activities.resources.dll": {
            "locale": "fr"
          },
          "lib/net452/ja/UiPath.OmniPage.Activities.Design.resources.dll": {
            "locale": "ja"
          },
          "lib/net452/ja/UiPath.OmniPage.Activities.resources.dll": {
            "locale": "ja"
          },
          "lib/net452/ko/UiPath.OmniPage.Activities.Design.resources.dll": {
            "locale": "ko"
          },
          "lib/net452/ko/UiPath.OmniPage.Activities.resources.dll": {
            "locale": "ko"
          },
          "lib/net452/pt-BR/UiPath.OmniPage.Activities.Design.resources.dll": {
            "locale": "pt-BR"
          },
          "lib/net452/pt-BR/UiPath.OmniPage.Activities.resources.dll": {
            "locale": "pt-BR"
          },
          "lib/net452/pt/UiPath.OmniPage.Activities.Design.resources.dll": {
            "locale": "pt"
          },
          "lib/net452/pt/UiPath.OmniPage.Activities.resources.dll": {
            "locale": "pt"
          },
          "lib/net452/ru/UiPath.OmniPage.Activities.Design.resources.dll": {
            "locale": "ru"
          },
          "lib/net452/ru/UiPath.OmniPage.Activities.resources.dll": {
            "locale": "ru"
          },
          "lib/net452/tr/UiPath.OmniPage.Activities.Design.resources.dll": {
            "locale": "tr"
          },
          "lib/net452/tr/UiPath.OmniPage.Activities.resources.dll": {
            "locale": "tr"
          },
          "lib/net452/zh-CN/UiPath.OmniPage.Activities.Design.resources.dll": {
            "locale": "zh-CN"
          },
          "lib/net452/zh-CN/UiPath.OmniPage.Activities.resources.dll": {
            "locale": "zh-CN"
          }
        }
      },
      "UiPath.OmniPage.Bundle/1.0.1": {
        "type": "package",
        "compile": {
          "lib/net452/_._": {}
        },
        "runtime": {
          "lib/net452/Nuance.OmniPage.CSDK.ArgTypes.dll": {},
          "lib/net452/Nuance.OmniPage.CSDK.CAPI.dll": {},
          "lib/net452/Nuance.OmniPage.CSDK.Objects.dll": {}
        },
        "build": {
          "build/_._": {}
        }
      },
      "UiPath.System.Activities/20.2.0-beta.752105": {
        "type": "package",
        "dependencies": {
          "CsvHelper": "2.13.5",
          "Microsoft.AspNet.SignalR.Client": "2.4.0",
          "Microsoft.Rest.ClientRuntime": "2.3.20",
          "Newtonsoft.Json": "11.0.2"
        },
        "compile": {
          "lib/net461/_._": {}
        },
        "runtime": {
          "lib/net461/ActiproSoftware.Docking.Wpf.dll": {},
          "lib/net461/ActiproSoftware.Ribbon.Wpf.dll": {},
          "lib/net461/ActiproSoftware.Shared.Wpf.dll": {},
          "lib/net461/ActiproSoftware.SyntaxEditor.Addons.DotNet.Wpf.dll": {},
          "lib/net461/ActiproSoftware.SyntaxEditor.Wpf.dll": {},
          "lib/net461/ActiproSoftware.Text.Addons.DotNet.Wpf.dll": {},
          "lib/net461/ActiproSoftware.Text.LLParser.Wpf.dll": {},
          "lib/net461/ActiproSoftware.Text.Wpf.dll": {},
          "lib/net461/ActiproSoftware.Wizard.Wpf.dll": {},
          "lib/net461/CustomInputForm.exe": {},
          "lib/net461/UiPath.OrchestratorClient.dll": {},
          "lib/net461/UiPath.System.Activities.Design.dll": {},
          "lib/net461/UiPath.System.Activities.dll": {}
        },
        "resource": {
          "lib/net461/de/UiPath.System.Activities.Design.resources.dll": {
            "locale": "de"
          },
          "lib/net461/de/UiPath.System.Activities.resources.dll": {
            "locale": "de"
          },
          "lib/net461/es-MX/UiPath.System.Activities.Design.resources.dll": {
            "locale": "es-MX"
          },
          "lib/net461/es-MX/UiPath.System.Activities.resources.dll": {
            "locale": "es-MX"
          },
          "lib/net461/es/UiPath.System.Activities.Design.resources.dll": {
            "locale": "es"
          },
          "lib/net461/es/UiPath.System.Activities.resources.dll": {
            "locale": "es"
          },
          "lib/net461/fr/UiPath.System.Activities.Design.resources.dll": {
            "locale": "fr"
          },
          "lib/net461/fr/UiPath.System.Activities.resources.dll": {
            "locale": "fr"
          },
          "lib/net461/ja/UiPath.System.Activities.Design.resources.dll": {
            "locale": "ja"
          },
          "lib/net461/ja/UiPath.System.Activities.resources.dll": {
            "locale": "ja"
          },
          "lib/net461/ko/UiPath.System.Activities.Design.resources.dll": {
            "locale": "ko"
          },
          "lib/net461/ko/UiPath.System.Activities.resources.dll": {
            "locale": "ko"
          },
          "lib/net461/pt-BR/UiPath.System.Activities.Design.resources.dll": {
            "locale": "pt-BR"
          },
          "lib/net461/pt-BR/UiPath.System.Activities.resources.dll": {
            "locale": "pt-BR"
          },
          "lib/net461/pt/UiPath.System.Activities.Design.resources.dll": {
            "locale": "pt"
          },
          "lib/net461/pt/UiPath.System.Activities.resources.dll": {
            "locale": "pt"
          },
          "lib/net461/ru/UiPath.System.Activities.Design.resources.dll": {
            "locale": "ru"
          },
          "lib/net461/ru/UiPath.System.Activities.resources.dll": {
            "locale": "ru"
          },
          "lib/net461/tr/UiPath.System.Activities.Design.resources.dll": {
            "locale": "tr"
          },
          "lib/net461/tr/UiPath.System.Activities.resources.dll": {
            "locale": "tr"
          },
          "lib/net461/zh-CN/UiPath.System.Activities.Design.resources.dll": {
            "locale": "zh-CN"
          },
          "lib/net461/zh-CN/UiPath.System.Activities.resources.dll": {
            "locale": "zh-CN"
          }
        }
      },
      "UiPath.UIAutomationX.Activities/2.0.0-beta.752730": {
        "type": "package",
        "dependencies": {
          "AvalonEdit": "5.0.3",
          "Extended.Wpf.Toolkit": "2.8.0",
          "UiPath": "20.2.7345.19097-preview",
          "UiPath.OmniPage.Activities": "1.3.0-preview",
          "UiPath.Vision": "2.0.0"
        },
        "compile": {
          "lib/net461/_._": {}
        },
        "runtime": {
          "lib/net461/UiPath.Shared.Recorder.Localization.dll": {},
          "lib/net461/UiPath.UIAutomationX.Activities.Design.dll": {},
          "lib/net461/UiPath.UIAutomationX.Activities.dll": {},
          "lib/net461/UiPath.UIAutomationX.dll": {}
        },
        "resource": {
          "lib/net461/de/UiPath.UIAutomationX.resources.dll": {
            "locale": "de"
          },
          "lib/net461/es-MX/UiPath.UIAutomationX.resources.dll": {
            "locale": "es-MX"
          },
          "lib/net461/es/UiPath.UIAutomationX.resources.dll": {
            "locale": "es"
          },
          "lib/net461/fr/UiPath.UIAutomationX.resources.dll": {
            "locale": "fr"
          },
          "lib/net461/ja/UiPath.UIAutomationX.resources.dll": {
            "locale": "ja"
          },
          "lib/net461/ko/UiPath.UIAutomationX.resources.dll": {
            "locale": "ko"
          },
          "lib/net461/pt-BR/UiPath.UIAutomationX.resources.dll": {
            "locale": "pt-BR"
          },
          "lib/net461/pt/UiPath.UIAutomationX.resources.dll": {
            "locale": "pt"
          },
          "lib/net461/ru/UiPath.UIAutomationX.resources.dll": {
            "locale": "ru"
          },
          "lib/net461/tr/UiPath.UIAutomationX.resources.dll": {
            "locale": "tr"
          },
          "lib/net461/zh-cn/UiPath.UIAutomationX.resources.dll": {
            "locale": "zh-cn"
          }
        }
      },
      "UiPath.Vision/2.0.0": {
        "type": "package",
        "dependencies": {
          "UiPath.OCR.Contracts": "2.2.1"
        },
        "compile": {
          "lib/net452/_._": {}
        },
        "runtime": {
          "lib/net452/UiPath.Vision.Core.dll": {},
          "lib/net452/UiPath.Vision.dll": {}
        }
      },
      "UiPath.Word.Activities/1.4.0-beta.746355": {
        "type": "package",
        "dependencies": {
          "DocX": "1.0.0.18"
        },
        "compile": {
          "lib/net461/_._": {}
        },
        "runtime": {
          "lib/net461/UiPath.Word.Activities.Design.dll": {},
          "lib/net461/UiPath.Word.Activities.dll": {},
          "lib/net461/UiPath.Word.dll": {}
        },
        "resource": {
          "lib/net461/de/UiPath.Word.Activities.Design.resources.dll": {
            "locale": "de"
          },
          "lib/net461/de/UiPath.Word.Activities.resources.dll": {
            "locale": "de"
          },
          "lib/net461/de/UiPath.Word.resources.dll": {
            "locale": "de"
          },
          "lib/net461/es-MX/UiPath.Word.Activities.Design.resources.dll": {
            "locale": "es-MX"
          },
          "lib/net461/es-MX/UiPath.Word.Activities.resources.dll": {
            "locale": "es-MX"
          },
          "lib/net461/es-MX/UiPath.Word.resources.dll": {
            "locale": "es-MX"
          },
          "lib/net461/es/UiPath.Word.Activities.Design.resources.dll": {
            "locale": "es"
          },
          "lib/net461/es/UiPath.Word.Activities.resources.dll": {
            "locale": "es"
          },
          "lib/net461/es/UiPath.Word.resources.dll": {
            "locale": "es"
          },
          "lib/net461/fr/UiPath.Word.Activities.Design.resources.dll": {
            "locale": "fr"
          },
          "lib/net461/fr/UiPath.Word.Activities.resources.dll": {
            "locale": "fr"
          },
          "lib/net461/fr/UiPath.Word.resources.dll": {
            "locale": "fr"
          },
          "lib/net461/ja/UiPath.Word.Activities.Design.resources.dll": {
            "locale": "ja"
          },
          "lib/net461/ja/UiPath.Word.Activities.resources.dll": {
            "locale": "ja"
          },
          "lib/net461/ja/UiPath.Word.resources.dll": {
            "locale": "ja"
          },
          "lib/net461/ko/UiPath.Word.Activities.Design.resources.dll": {
            "locale": "ko"
          },
          "lib/net461/ko/UiPath.Word.Activities.resources.dll": {
            "locale": "ko"
          },
          "lib/net461/ko/UiPath.Word.resources.dll": {
            "locale": "ko"
          },
          "lib/net461/pt-BR/UiPath.Word.Activities.Design.resources.dll": {
            "locale": "pt-BR"
          },
          "lib/net461/pt-BR/UiPath.Word.Activities.resources.dll": {
            "locale": "pt-BR"
          },
          "lib/net461/pt-BR/UiPath.Word.resources.dll": {
            "locale": "pt-BR"
          },
          "lib/net461/pt/UiPath.Word.Activities.Design.resources.dll": {
            "locale": "pt"
          },
          "lib/net461/pt/UiPath.Word.Activities.resources.dll": {
            "locale": "pt"
          },
          "lib/net461/pt/UiPath.Word.resources.dll": {
            "locale": "pt"
          },
          "lib/net461/ru/UiPath.Word.Activities.Design.resources.dll": {
            "locale": "ru"
          },
          "lib/net461/ru/UiPath.Word.Activities.resources.dll": {
            "locale": "ru"
          },
          "lib/net461/ru/UiPath.Word.resources.dll": {
            "locale": "ru"
          },
          "lib/net461/tr/UiPath.Word.Activities.Design.resources.dll": {
            "locale": "tr"
          },
          "lib/net461/tr/UiPath.Word.Activities.resources.dll": {
            "locale": "tr"
          },
          "lib/net461/tr/UiPath.Word.resources.dll": {
            "locale": "tr"
          },
          "lib/net461/zh-CN/UiPath.Word.Activities.Design.resources.dll": {
            "locale": "zh-CN"
          },
          "lib/net461/zh-CN/UiPath.Word.Activities.resources.dll": {
            "locale": "zh-CN"
          },
          "lib/net461/zh-CN/UiPath.Word.resources.dll": {
            "locale": "zh-CN"
          }
        }
      }
    }
  },
  "libraries": {
    "AvalonEdit/5.0.3": {
      "sha512": "L5CgXRniZRxI/tjoBztVgZnvTL1F/qKrRJa+Q88I0Gl78WRNaqdMkuOlkAsOHTauBGZSQNDO0/X+xIpzfzmLdQ==",
      "type": "package",
      "path": "avalonedit/5.0.3",
      "files": [
        ".nupkg.metadata",
        ".signature.p7s",
        "avalonedit.5.0.3.nupkg.sha512",
        "avalonedit.nuspec",
        "lib/Net35/ICSharpCode.AvalonEdit.dll",
        "lib/Net35/ICSharpCode.AvalonEdit.xml",
        "lib/Net40/ICSharpCode.AvalonEdit.dll",
        "lib/Net40/ICSharpCode.AvalonEdit.xml"
      ]
    },
    "BouncyCastle/1.8.5": {
      "sha512": "196QWfvglefGd/Cr2C4hIdmA9HYkLFZovxJ7L0BAOFlNn+qlmVxqpxpcKGoC5AF4rOuoUq3ylzLgKZW5j4nmDQ==",
      "type": "package",
      "path": "bouncycastle/1.8.5",
      "files": [
        ".nupkg.metadata",
        ".signature.p7s",
        "README.md",
        "bouncycastle.1.8.5.nupkg.sha512",
        "bouncycastle.nuspec",
        "lib/BouncyCastle.Crypto.dll"
      ]
    },
    "ClosedXML/0.87.1": {
      "sha512": "2LC0T8bu2G2kt34C4Ig87uZfrRO4MwMVI54e2To7m3DvwAs2Z2Ir86WQuUoW8Txo1uNGSfmu3DpfpQhSX0bIww==",
      "type": "package",
      "path": "closedxml/0.87.1",
      "files": [
        ".nupkg.metadata",
        ".signature.p7s",
        "closedxml.0.87.1.nupkg.sha512",
        "closedxml.nuspec",
        "lib/net35/ClosedXML.dll",
        "lib/net35/ClosedXML.pdb",
        "lib/net35/ClosedXML.xml",
        "lib/net40/ClosedXML.dll",
        "lib/net40/ClosedXML.pdb",
        "lib/net40/ClosedXML.xml"
      ]
    },
    "CsvHelper/2.13.5": {
      "sha512": "fC8DPi/YTcZ8uXFiAeuT9EpsR2TE5cSJ2jg/4tht/Oen6az/djebpYoCQEtI33RfNrSZ533SedOknlWtUTX3fw==",
      "type": "package",
      "path": "csvhelper/2.13.5",
      "files": [
        ".nupkg.metadata",
        ".signature.p7s",
        "csvhelper.2.13.5.nupkg.sha512",
        "csvhelper.nuspec",
        "lib/net20/CsvHelper.dll",
        "lib/net20/CsvHelper.pdb",
        "lib/net20/CsvHelper.xml",
        "lib/net35-client/CsvHelper.dll",
        "lib/net35-client/CsvHelper.pdb",
        "lib/net35-client/CsvHelper.xml",
        "lib/net40-client/CsvHelper.dll",
        "lib/net40-client/CsvHelper.pdb",
        "lib/net40-client/CsvHelper.xml",
        "lib/portable-net40+sl5+win8+wpa+wp8/CsvHelper.dll",
        "lib/portable-net40+sl5+win8+wpa+wp8/CsvHelper.pdb",
        "lib/portable-net40+sl5+win8+wpa+wp8/CsvHelper.xml"
      ]
    },
    "DocumentFormat.OpenXml/2.5.0": {
      "sha512": "H5jnox0hcLwzAjrpNqDPIItjh7dplF1kk1z8LatpI2h75wBgps1MepEttJFKs7xedQReCMHA0tGpNI0H2B+Mrg==",
      "type": "package",
      "path": "documentformat.openxml/2.5.0",
      "files": [
        ".nupkg.metadata",
        ".signature.p7s",
        "documentformat.openxml.2.5.0.nupkg.sha512",
        "documentformat.openxml.nuspec",
        "lib/DocumentFormat.OpenXml.dll"
      ]
    },
    "DocX/1.0.0.18": {
      "sha512": "8E2yyGRmhitJ73wlO/dvMKcOktVY7fgGiFO3h/u3FvvcQBnUX+tDYtFekr82eF9g2sAQfEqc1nZAvjeinqHv4g==",
      "type": "package",
      "path": "docx/1.0.0.18",
      "files": [
        ".nupkg.metadata",
        "docx.1.0.0.18.nupkg.sha512",
        "docx.nuspec",
        "lib/net40/DocX.dll"
      ]
    },
    "Extended.Wpf.Toolkit/2.8.0": {
      "sha512": "wKjJl4sDyXTVzgiKTBTw8jT0/3OwpEklQuWGe1Nz2HX0joiBeUzIurY2mnERni+8XHwateRcuks6yk/cuR22fA==",
      "type": "package",
      "path": "extended.wpf.toolkit/2.8.0",
      "hasTools": true,
      "files": [
        ".nupkg.metadata",
        ".signature.p7s",
        "extended.wpf.toolkit.2.8.0.nupkg.sha512",
        "extended.wpf.toolkit.nuspec",
        "lib/net35/WPFToolkit.dll",
        "lib/net35/Xceed.Wpf.Toolkit.dll",
        "lib/net40/Xceed.Wpf.AvalonDock.Themes.Aero.dll",
        "lib/net40/Xceed.Wpf.AvalonDock.Themes.Metro.dll",
        "lib/net40/Xceed.Wpf.AvalonDock.Themes.VS2010.dll",
        "lib/net40/Xceed.Wpf.AvalonDock.dll",
        "lib/net40/Xceed.Wpf.DataGrid.dll",
        "lib/net40/Xceed.Wpf.Toolkit.dll",
        "lib/net40/de/Xceed.Wpf.AvalonDock.resources.dll",
        "lib/net40/es/Xceed.Wpf.AvalonDock.resources.dll",
        "lib/net40/fr/Xceed.Wpf.AvalonDock.resources.dll",
        "lib/net40/hu/Xceed.Wpf.AvalonDock.resources.dll",
        "lib/net40/it/Xceed.Wpf.AvalonDock.resources.dll",
        "lib/net40/pt-BR/Xceed.Wpf.AvalonDock.resources.dll",
        "lib/net40/ro/Xceed.Wpf.AvalonDock.resources.dll",
        "lib/net40/ru/Xceed.Wpf.AvalonDock.resources.dll",
        "lib/net40/sv/Xceed.Wpf.AvalonDock.resources.dll",
        "lib/net40/zh-Hans/Xceed.Wpf.AvalonDock.resources.dll",
        "tools/install.ps1"
      ]
    },
    "interop.domino.dll/1.0.0": {
      "sha512": "gKTX8fwrysbgSWSrJUpMpdp/qmRwYT8JTnbpFzTN72WnX3M1vxkHzpxH3oGMSqpHf20n9AZ0TzDJkt2itp6hyQ==",
      "type": "package",
      "path": "interop.domino.dll/1.0.0",
      "files": [
        ".nupkg.metadata",
        ".signature.p7s",
        "interop.domino.dll.1.0.0.nupkg.sha512",
        "interop.domino.dll.nuspec",
        "lib/Interop.Domino.dll"
      ]
    },
    "Microsoft.AspNet.SignalR.Client/2.4.0": {
      "sha512": "xGoQq9dEsBU49U1Whl0To2JyRQePmo8ayYS8VNruLlQaX+fQBzYyLJeMlW9r7mlt8Vc9JP+083m9pKrfYpdDbg==",
      "type": "package",
      "path": "microsoft.aspnet.signalr.client/2.4.0",
      "files": [
        ".nupkg.metadata",
        ".signature.p7s",
        "lib/net40/Microsoft.AspNet.SignalR.Client.dll",
        "lib/net40/Microsoft.AspNet.SignalR.Client.pdb",
        "lib/net40/Microsoft.AspNet.SignalR.Client.xml",
        "lib/net45/Microsoft.AspNet.SignalR.Client.dll",
        "lib/net45/Microsoft.AspNet.SignalR.Client.pdb",
        "lib/net45/Microsoft.AspNet.SignalR.Client.xml",
        "lib/netstandard1.3/Microsoft.AspNet.SignalR.Client.dll",
        "lib/netstandard1.3/Microsoft.AspNet.SignalR.Client.pdb",
        "lib/netstandard1.3/Microsoft.AspNet.SignalR.Client.xml",
        "lib/netstandard2.0/Microsoft.AspNet.SignalR.Client.dll",
        "lib/netstandard2.0/Microsoft.AspNet.SignalR.Client.pdb",
        "lib/netstandard2.0/Microsoft.AspNet.SignalR.Client.xml",
        "microsoft.aspnet.signalr.client.2.4.0.nupkg.sha512",
        "microsoft.aspnet.signalr.client.nuspec"
      ]
    },
    "Microsoft.Exchange.WebServices/2.2.0": {
      "sha512": "NlkaTD0uWtg9VbiWq0VDWMBPzHFknH3tmstrxt0acrT09LBGqATTjRpsGOODz6tUdX7/dehBinxsf75U5Uw/+A==",
      "type": "package",
      "path": "microsoft.exchange.webservices/2.2.0",
      "files": [
        ".nupkg.metadata",
        ".signature.p7s",
        "doc/License Terms.rtf",
        "doc/README.htm",
        "doc/Redist.txt",
        "lib/40/Microsoft.Exchange.WebServices.Auth.dll",
        "lib/40/Microsoft.Exchange.WebServices.Auth.pdb",
        "lib/40/Microsoft.Exchange.WebServices.Auth.xml",
        "lib/40/Microsoft.Exchange.WebServices.dll",
        "lib/40/Microsoft.Exchange.WebServices.pdb",
        "lib/40/Microsoft.Exchange.WebServices.xml",
        "microsoft.exchange.webservices.2.2.0.nupkg.sha512",
        "microsoft.exchange.webservices.nuspec"
      ]
    },
    "Microsoft.Rest.ClientRuntime/2.3.20": {
      "sha512": "bw/H1nO4JdnhTagPHWIFQwtlQ6rb2jqw5RTrqPsPqzrjhJxc7P6MyNGdf4pgHQdzdpBSNOfZTEQifoUkxmzYXQ==",
      "type": "package",
      "path": "microsoft.rest.clientruntime/2.3.20",
      "files": [
        ".nupkg.metadata",
        ".signature.p7s",
        "lib/net452/Microsoft.Rest.ClientRuntime.dll",
        "lib/net452/Microsoft.Rest.ClientRuntime.runtimeconfig.json",
        "lib/net452/Microsoft.Rest.ClientRuntime.xml",
        "lib/net461/Microsoft.Rest.ClientRuntime.dll",
        "lib/net461/Microsoft.Rest.ClientRuntime.runtimeconfig.json",
        "lib/net461/Microsoft.Rest.ClientRuntime.xml",
        "lib/netstandard1.4/Microsoft.Rest.ClientRuntime.dll",
        "lib/netstandard1.4/Microsoft.Rest.ClientRuntime.runtimeconfig.json",
        "lib/netstandard1.4/Microsoft.Rest.ClientRuntime.xml",
        "lib/netstandard2.0/Microsoft.Rest.ClientRuntime.dll",
        "lib/netstandard2.0/Microsoft.Rest.ClientRuntime.runtimeconfig.json",
        "lib/netstandard2.0/Microsoft.Rest.ClientRuntime.xml",
        "microsoft.rest.clientruntime.2.3.20.nupkg.sha512",
        "microsoft.rest.clientruntime.nuspec"
      ]
    },
    "Microsoft.VisualStudio.OLE.Interop/7.10.6071": {
      "sha512": "PuINhJH41DbKfkNU+qcyC4Wlt/z0DgI/ViZv6gjUclylnFbUIpCdqm4fK+PKJDfiarHTKnGWkxjKuOIS1Bqs5Q==",
      "type": "package",
      "path": "microsoft.visualstudio.ole.interop/7.10.6071",
      "files": [
        ".nupkg.metadata",
        ".signature.p7s",
        "lib/Microsoft.VisualStudio.OLE.Interop.dll",
        "lib/Microsoft.VisualStudio.OLE.Interop.xml",
        "microsoft.visualstudio.ole.interop.7.10.6071.nupkg.sha512",
        "microsoft.visualstudio.ole.interop.nuspec"
      ]
    },
    "Newtonsoft.Json/11.0.2": {
      "sha512": "IvJe1pj7JHEsP8B8J8DwlMEx8UInrs/x+9oVY+oCD13jpLu4JbJU2WCIsMRn5C4yW9+DgkaO8uiVE5VHKjpmdQ==",
      "type": "package",
      "path": "newtonsoft.json/11.0.2",
      "files": [
        ".nupkg.metadata",
        ".signature.p7s",
        "LICENSE.md",
        "lib/net20/Newtonsoft.Json.dll",
        "lib/net20/Newtonsoft.Json.xml",
        "lib/net35/Newtonsoft.Json.dll",
        "lib/net35/Newtonsoft.Json.xml",
        "lib/net40/Newtonsoft.Json.dll",
        "lib/net40/Newtonsoft.Json.xml",
        "lib/net45/Newtonsoft.Json.dll",
        "lib/net45/Newtonsoft.Json.xml",
        "lib/netstandard1.0/Newtonsoft.Json.dll",
        "lib/netstandard1.0/Newtonsoft.Json.xml",
        "lib/netstandard1.3/Newtonsoft.Json.dll",
        "lib/netstandard1.3/Newtonsoft.Json.xml",
        "lib/netstandard2.0/Newtonsoft.Json.dll",
        "lib/netstandard2.0/Newtonsoft.Json.xml",
        "lib/portable-net40+sl5+win8+wp8+wpa81/Newtonsoft.Json.dll",
        "lib/portable-net40+sl5+win8+wp8+wpa81/Newtonsoft.Json.xml",
        "lib/portable-net45+win8+wp8+wpa81/Newtonsoft.Json.dll",
        "lib/portable-net45+win8+wp8+wpa81/Newtonsoft.Json.xml",
        "newtonsoft.json.11.0.2.nupkg.sha512",
        "newtonsoft.json.nuspec"
      ]
    },
    "NPOI/2.4.1": {
      "sha512": "85790/CY9z4DCU1KLpcdLSqaqaqmQOenTqXJfcsYK8LIKNAAoTgjT5LYLbORgdwAd63sbaJiCfB1SIn/dAXrJw==",
      "type": "package",
      "path": "npoi/2.4.1",
      "files": [
        ".nupkg.metadata",
        ".signature.p7s",
        "LICENSE",
        "Read Me.txt",
        "lib/NPOI.xml",
        "lib/net40/NPOI.OOXML.dll",
        "lib/net40/NPOI.OpenXml4Net.dll",
        "lib/net40/NPOI.OpenXmlFormats.dll",
        "lib/net40/NPOI.dll",
        "lib/net45/NPOI.OOXML.dll",
        "lib/net45/NPOI.OpenXml4Net.dll",
        "lib/net45/NPOI.OpenXmlFormats.dll",
        "lib/net45/NPOI.dll",
        "lib/netstandard2.0/NPOI.OOXML.deps.json",
        "lib/netstandard2.0/NPOI.OOXML.dll",
        "lib/netstandard2.0/NPOI.OpenXml4Net.deps.json",
        "lib/netstandard2.0/NPOI.OpenXml4Net.dll",
        "lib/netstandard2.0/NPOI.OpenXmlFormats.deps.json",
        "lib/netstandard2.0/NPOI.OpenXmlFormats.dll",
        "lib/netstandard2.0/NPOI.deps.json",
        "lib/netstandard2.0/NPOI.dll",
        "logo/120_120.jpg",
        "logo/240_240.png",
        "logo/32_32.jpg",
        "logo/60_60.jpg",
        "npoi.2.4.1.nupkg.sha512",
        "npoi.nuspec"
      ]
    },
    "SharpZipLib/1.0.0": {
      "sha512": "YuYztmY3jEb21F6e5LIPHJjApdtzdCPQ284UzsCKNfkgW71bukFHJES6RbKi+wm053XzFg0LX5/2vj/9gl8F/g==",
      "type": "package",
      "path": "sharpziplib/1.0.0",
      "files": [
        ".nupkg.metadata",
        ".signature.p7s",
        "lib/net45/ICSharpCode.SharpZipLib.dll",
        "lib/net45/ICSharpCode.SharpZipLib.xml",
        "lib/netstandard2.0/ICSharpCode.SharpZipLib.dll",
        "lib/netstandard2.0/ICSharpCode.SharpZipLib.xml",
        "sharpziplib.1.0.0.nupkg.sha512",
        "sharpziplib.nuspec"
      ]
    },
    "System.ValueTuple/4.5.0": {
      "sha512": "okurQJO6NRE/apDIP23ajJ0hpiNmJ+f0BwOlB/cSqTLQlw5upkf+5+96+iG2Jw40G1fCVCyPz/FhIABUjMR+RQ==",
      "type": "package",
      "path": "system.valuetuple/4.5.0",
      "files": [
        ".nupkg.metadata",
        ".signature.p7s",
        "LICENSE.TXT",
        "THIRD-PARTY-NOTICES.TXT",
        "lib/MonoAndroid10/_._",
        "lib/MonoTouch10/_._",
        "lib/net461/System.ValueTuple.dll",
        "lib/net461/System.ValueTuple.xml",
        "lib/net47/System.ValueTuple.dll",
        "lib/net47/System.ValueTuple.xml",
        "lib/netcoreapp2.0/_._",
        "lib/netstandard1.0/System.ValueTuple.dll",
        "lib/netstandard1.0/System.ValueTuple.xml",
        "lib/netstandard2.0/_._",
        "lib/portable-net40+sl4+win8+wp8/System.ValueTuple.dll",
        "lib/portable-net40+sl4+win8+wp8/System.ValueTuple.xml",
        "lib/uap10.0.16299/_._",
        "lib/xamarinios10/_._",
        "lib/xamarinmac20/_._",
        "lib/xamarintvos10/_._",
        "lib/xamarinwatchos10/_._",
        "ref/MonoAndroid10/_._",
        "ref/MonoTouch10/_._",
        "ref/net461/System.ValueTuple.dll",
        "ref/net47/System.ValueTuple.dll",
        "ref/netcoreapp2.0/_._",
        "ref/netstandard2.0/_._",
        "ref/portable-net40+sl4+win8+wp8/System.ValueTuple.dll",
        "ref/uap10.0.16299/_._",
        "ref/xamarinios10/_._",
        "ref/xamarinmac20/_._",
        "ref/xamarintvos10/_._",
        "ref/xamarinwatchos10/_._",
        "system.valuetuple.4.5.0.nupkg.sha512",
        "system.valuetuple.nuspec",
        "useSharedDesignerContext.txt",
        "version.txt"
      ]
    },
    "UiPath/20.2.7345.19097-preview": {
      "sha512": "5MYVdKIzhdKrc5Avg+b4Tab7OZt+KmjgMTlMyWVgGxii6mEpewf015YQAA90UgRiJdOYcKLLciAtlGJ/oFD7Bw==",
      "type": "package",
      "path": "uipath/20.2.7345.19097-preview",
      "files": [
        ".nupkg.metadata",
        ".signature.p7s",
        "build/UiPath.targets",
        "build/UiPath/BrowserNativeMessagingImpl.dll",
        "build/UiPath/FuncServer_x64.exe",
        "build/UiPath/FuncServer_x86.exe",
        "build/UiPath/JavaSupport/UiPathBridge.jar",
        "build/UiPath/JavaSupport/UiPathJBIntruder.jar",
        "build/UiPath/JavaSupport/UiPathJBIntruderV8.jar",
        "build/UiPath/JavaSupport/UiPathJavaServiceProvider.jar",
        "build/UiPath/JavaSupport/UiPathV8.jar",
        "build/UiPath/JavaSupport/attach_x64/6/attach.dll",
        "build/UiPath/JavaSupport/attach_x64/7/attach.dll",
        "build/UiPath/JavaSupport/attach_x86/6/attach.dll",
        "build/UiPath/JavaSupport/attach_x86/7/attach.dll",
        "build/UiPath/JavaSupport/jaccess-1_2.jar",
        "build/UiPath/JavaSupport/jaccess-1_3.jar",
        "build/UiPath/JavaSupport/jaccess-1_4.jar",
        "build/UiPath/JavaSupport/jaccess.jar",
        "build/UiPath/JavaSupport/tools.jar",
        "build/UiPath/JavaSupport/toolsV8.jar",
        "build/UiPath/JavaSupport/xml-apis.jar",
        "build/UiPath/Resources/x32.manifest",
        "build/UiPath/Resources/x64.manifest",
        "build/UiPath/SLBroker.dll",
        "build/UiPath/SLBroker.xap",
        "build/UiPath/SLHook.dll",
        "build/UiPath/ShaferFilechck.dll",
        "build/UiPath/TCapture.dll",
        "build/UiPath/TCapture_x64.dll",
        "build/UiPath/UiPath.dll",
        "build/UiPath/UiPathJavaBridgeImplV8.dll",
        "build/UiPath/UiPathJavaBridgeImplV8_x64.dll",
        "build/UiPath/UiPathJavaBridgeV8.dll",
        "build/UiPath/UiPathJavaBridgeV8_x64.dll",
        "build/UiPath/UiPathRemote.exe",
        "build/UiPath/UiPathSLB.dll",
        "build/UiPath/UiPathSLB_x64.dll",
        "build/UiPath/UiPath_x64.dll",
        "build/UiPath/aahook.dll",
        "build/UiPath/aahook_x64.dll",
        "build/UiPath/libcurl_x64.dll",
        "build/UiPath/libcurl_x86.dll",
        "build/UiPath/license.config",
        "build/UiPath/msvcr100.dll",
        "build/UiPath/slinject.exe",
        "build/UiPath/x64/ShaferFilechck_x64.DLL",
        "build/UiPath/x64/msvcr100.dll",
        "lib/UiPath.Interop.dll",
        "uipath.20.2.7345.19097-preview.nupkg.sha512",
        "uipath.nuspec"
      ]
    },
    "UiPath.ComplexScenarios.Activities/1.0.0-beta.751974": {
      "sha512": "OiBs7n8h+c2+WkZen0BhfOxnhCZS8qMMMllnlJY2p9vGDFj/8Ir65aksy3u4BcyPxK9PuXmLlh2Ww77szm8kfA==",
      "type": "package",
      "path": "uipath.complexscenarios.activities/1.0.0-beta.751974",
      "files": [
        ".nupkg.metadata",
        ".signature.p7s",
        "lib/net461/UiPath.ComplexScenarios.Design.dll",
        "lib/net461/de/UiPath.ComplexScenarios.Design.resources.dll",
        "lib/net461/es-MX/UiPath.ComplexScenarios.Design.resources.dll",
        "lib/net461/es/UiPath.ComplexScenarios.Design.resources.dll",
        "lib/net461/fr/UiPath.ComplexScenarios.Design.resources.dll",
        "lib/net461/ja/UiPath.ComplexScenarios.Design.resources.dll",
        "lib/net461/ko/UiPath.ComplexScenarios.Design.resources.dll",
        "lib/net461/pt-BR/UiPath.ComplexScenarios.Design.resources.dll",
        "lib/net461/pt/UiPath.ComplexScenarios.Design.resources.dll",
        "lib/net461/ru/UiPath.ComplexScenarios.Design.resources.dll",
        "lib/net461/tr/UiPath.ComplexScenarios.Design.resources.dll",
        "lib/net461/zh-CN/UiPath.ComplexScenarios.Design.resources.dll",
        "uipath.complexscenarios.activities.1.0.0-beta.751974.nupkg.sha512",
        "uipath.complexscenarios.activities.nuspec"
      ]
    },
    "UiPath.Excel.Activities/2.8.1-beta.753242": {
      "sha512": "6V7rkxWo5572bNVfKh35T1ktpj2ACPN+fu7pw6QTcuI5FdSpBkHlKQ46ZDa2yD6AovXzPtxmWCQWu469li78xg==",
      "type": "package",
      "path": "uipath.excel.activities/2.8.1-beta.753242",
      "files": [
        ".nupkg.metadata",
        ".signature.p7s",
        "lib/net461/UiPath.Excel.Activities.Design.dll",
        "lib/net461/UiPath.Excel.Activities.dll",
        "lib/net461/UiPath.Excel.dll",
        "lib/net461/de/UiPath.Excel.Activities.Design.resources.dll",
        "lib/net461/de/UiPath.Excel.Activities.resources.dll",
        "lib/net461/de/UiPath.Excel.resources.dll",
        "lib/net461/es-MX/UiPath.Excel.Activities.Design.resources.dll",
        "lib/net461/es-MX/UiPath.Excel.Activities.resources.dll",
        "lib/net461/es-MX/UiPath.Excel.resources.dll",
        "lib/net461/es/UiPath.Excel.Activities.Design.resources.dll",
        "lib/net461/es/UiPath.Excel.Activities.resources.dll",
        "lib/net461/es/UiPath.Excel.resources.dll",
        "lib/net461/fr/UiPath.Excel.Activities.Design.resources.dll",
        "lib/net461/fr/UiPath.Excel.Activities.resources.dll",
        "lib/net461/fr/UiPath.Excel.resources.dll",
        "lib/net461/ja/UiPath.Excel.Activities.Design.resources.dll",
        "lib/net461/ja/UiPath.Excel.Activities.resources.dll",
        "lib/net461/ja/UiPath.Excel.resources.dll",
        "lib/net461/ko/UiPath.Excel.Activities.Design.resources.dll",
        "lib/net461/ko/UiPath.Excel.Activities.resources.dll",
        "lib/net461/ko/UiPath.Excel.resources.dll",
        "lib/net461/pt-BR/UiPath.Excel.Activities.Design.resources.dll",
        "lib/net461/pt-BR/UiPath.Excel.Activities.resources.dll",
        "lib/net461/pt-BR/UiPath.Excel.resources.dll",
        "lib/net461/pt/UiPath.Excel.Activities.Design.resources.dll",
        "lib/net461/pt/UiPath.Excel.Activities.resources.dll",
        "lib/net461/pt/UiPath.Excel.resources.dll",
        "lib/net461/ru/UiPath.Excel.Activities.Design.resources.dll",
        "lib/net461/ru/UiPath.Excel.Activities.resources.dll",
        "lib/net461/ru/UiPath.Excel.resources.dll",
        "lib/net461/tr/UiPath.Excel.Activities.Design.resources.dll",
        "lib/net461/tr/UiPath.Excel.Activities.resources.dll",
        "lib/net461/tr/UiPath.Excel.resources.dll",
        "lib/net461/zh-CN/UiPath.Excel.Activities.Design.resources.dll",
        "lib/net461/zh-CN/UiPath.Excel.Activities.resources.dll",
        "lib/net461/zh-CN/UiPath.Excel.resources.dll",
        "uipath.excel.activities.2.8.1-beta.753242.nupkg.sha512",
        "uipath.excel.activities.nuspec"
      ]
    },
    "UiPath.Mail.Activities/1.8.1-beta.753077": {
      "sha512": "3gVSLDJbyyuN/NwvROwd6kXImcRB3bPp/LH25o2yJs1oCdG5XNJIp8vlMHy0u2sMO5REqlRXe9BHMdFo+p/8Jg==",
      "type": "package",
      "path": "uipath.mail.activities/1.8.1-beta.753077",
      "files": [
        ".nupkg.metadata",
        ".signature.p7s",
        "lib/net461/MailKit.dll",
        "lib/net461/MailKit.xml",
        "lib/net461/MimeKit.dll",
        "lib/net461/MimeKit.xml",
        "lib/net461/UiPath.Mail.Activities.Design.dll",
        "lib/net461/UiPath.Mail.Activities.dll",
        "lib/net461/UiPath.Mail.dll",
        "lib/net461/de/UiPath.Mail.Activities.Design.resources.dll",
        "lib/net461/de/UiPath.Mail.Activities.resources.dll",
        "lib/net461/de/UiPath.Mail.resources.dll",
        "lib/net461/es-MX/UiPath.Mail.Activities.Design.resources.dll",
        "lib/net461/es-MX/UiPath.Mail.Activities.resources.dll",
        "lib/net461/es-MX/UiPath.Mail.resources.dll",
        "lib/net461/es/UiPath.Mail.Activities.Design.resources.dll",
        "lib/net461/es/UiPath.Mail.Activities.resources.dll",
        "lib/net461/es/UiPath.Mail.resources.dll",
        "lib/net461/fr/UiPath.Mail.Activities.Design.resources.dll",
        "lib/net461/fr/UiPath.Mail.Activities.resources.dll",
        "lib/net461/fr/UiPath.Mail.resources.dll",
        "lib/net461/ja/UiPath.Mail.Activities.Design.resources.dll",
        "lib/net461/ja/UiPath.Mail.Activities.resources.dll",
        "lib/net461/ja/UiPath.Mail.resources.dll",
        "lib/net461/ko/UiPath.Mail.Activities.Design.resources.dll",
        "lib/net461/ko/UiPath.Mail.Activities.resources.dll",
        "lib/net461/ko/UiPath.Mail.resources.dll",
        "lib/net461/pt-BR/UiPath.Mail.Activities.Design.resources.dll",
        "lib/net461/pt-BR/UiPath.Mail.Activities.resources.dll",
        "lib/net461/pt-BR/UiPath.Mail.resources.dll",
        "lib/net461/pt/UiPath.Mail.Activities.Design.resources.dll",
        "lib/net461/pt/UiPath.Mail.Activities.resources.dll",
        "lib/net461/pt/UiPath.Mail.resources.dll",
        "lib/net461/ru/UiPath.Mail.Activities.Design.resources.dll",
        "lib/net461/ru/UiPath.Mail.Activities.resources.dll",
        "lib/net461/ru/UiPath.Mail.resources.dll",
        "lib/net461/tr/UiPath.Mail.Activities.Design.resources.dll",
        "lib/net461/tr/UiPath.Mail.Activities.resources.dll",
        "lib/net461/tr/UiPath.Mail.resources.dll",
        "lib/net461/zh-CN/UiPath.Mail.Activities.Design.resources.dll",
        "lib/net461/zh-CN/UiPath.Mail.Activities.resources.dll",
        "lib/net461/zh-CN/UiPath.Mail.resources.dll",
        "uipath.mail.activities.1.8.1-beta.753077.nupkg.sha512",
        "uipath.mail.activities.nuspec"
      ]
    },
    "UiPath.OCR.Contracts/2.3.0-preview": {
      "sha512": "2nP18uBL9osLA4/gKzrF/1yxt3c/b73cpPvC4yvu7qZcxM8jE5/fxlrKsiI8pYP7TazZhKGnpfqfN0F/kuBzFQ==",
      "type": "package",
      "path": "uipath.ocr.contracts/2.3.0-preview",
      "files": [
        ".nupkg.metadata",
        ".signature.p7s",
        "lib/net45/UiPath.OCR.Contracts.dll",
        "uipath.ocr.contracts.2.3.0-preview.nupkg.sha512",
        "uipath.ocr.contracts.nuspec"
      ]
    },
    "UiPath.OmniPage.Activities/1.3.0-preview": {
      "sha512": "3tSnjfOkx8detS/6qHRH9z4qapVCo9kPhBC7fLM9hzmkZYyZRjyjMpUFG8QE+EZYIHaiWJudgRNgifmJy0SbEA==",
      "type": "package",
      "path": "uipath.omnipage.activities/1.3.0-preview",
      "files": [
        ".nupkg.metadata",
        ".signature.p7s",
        "build/AForge.Imaging.dll",
        "build/AForge.Math.dll",
        "build/AForge.dll",
        "build/NLog.dll",
        "build/Newtonsoft.Json.dll",
        "build/Nuance OmniPage Capture SDK_20.0.lcxz",
        "build/System.Collections.Immutable.dll",
        "build/UiPath.Activities.Api.Base.dll",
        "build/UiPath.Api.Base.dll",
        "build/UiPath.OCR.Contracts.dll",
        "build/UiPath.OmniPage.Activities.Design.dll",
        "build/UiPath.OmniPage.Activities.dll",
        "build/UiPath.OmniPage.Host32.exe",
        "build/UiPath.OmniPage.Host32.exe.config",
        "build/UiPath.Robot.Activities.Api.dll",
        "build/UiPath.Studio.Activities.Api.dll",
        "build/UiPath.Studio.Api.Base.dll",
        "build/UiPath.Vision.OmniPage.Core.dll",
        "build/UiPath.Vision.OmniPage.dll",
        "build/nlog.config",
        "lib/net452/UiPath.OmniPage.Activities.Design.dll",
        "lib/net452/UiPath.OmniPage.Activities.dll",
        "lib/net452/UiPath.OmniPage.Host32.exe",
        "lib/net452/UiPath.Vision.OmniPage.Core.dll",
        "lib/net452/UiPath.Vision.OmniPage.dll",
        "lib/net452/de/UiPath.OmniPage.Activities.Design.resources.dll",
        "lib/net452/de/UiPath.OmniPage.Activities.resources.dll",
        "lib/net452/es-MX/UiPath.OmniPage.Activities.Design.resources.dll",
        "lib/net452/es-MX/UiPath.OmniPage.Activities.resources.dll",
        "lib/net452/es/UiPath.OmniPage.Activities.Design.resources.dll",
        "lib/net452/es/UiPath.OmniPage.Activities.resources.dll",
        "lib/net452/fr/UiPath.OmniPage.Activities.Design.resources.dll",
        "lib/net452/fr/UiPath.OmniPage.Activities.resources.dll",
        "lib/net452/ja/UiPath.OmniPage.Activities.Design.resources.dll",
        "lib/net452/ja/UiPath.OmniPage.Activities.resources.dll",
        "lib/net452/ko/UiPath.OmniPage.Activities.Design.resources.dll",
        "lib/net452/ko/UiPath.OmniPage.Activities.resources.dll",
        "lib/net452/pt-BR/UiPath.OmniPage.Activities.Design.resources.dll",
        "lib/net452/pt-BR/UiPath.OmniPage.Activities.resources.dll",
        "lib/net452/pt/UiPath.OmniPage.Activities.Design.resources.dll",
        "lib/net452/pt/UiPath.OmniPage.Activities.resources.dll",
        "lib/net452/ru/UiPath.OmniPage.Activities.Design.resources.dll",
        "lib/net452/ru/UiPath.OmniPage.Activities.resources.dll",
        "lib/net452/tr/UiPath.OmniPage.Activities.Design.resources.dll",
        "lib/net452/tr/UiPath.OmniPage.Activities.resources.dll",
        "lib/net452/zh-CN/UiPath.OmniPage.Activities.Design.resources.dll",
        "lib/net452/zh-CN/UiPath.OmniPage.Activities.resources.dll",
        "uipath.omnipage.activities.1.3.0-preview.nupkg.sha512",
        "uipath.omnipage.activities.nuspec"
      ]
    },
    "UiPath.OmniPage.Bundle/1.0.1": {
      "sha512": "qZp+lIMq8QEmcmXiQfNCqvgZSFFp3rbuQjmgLziPolj+OA/iDf3ImdGTTrW+yWx0fmxfPzaqcXjmroOwzxvGsQ==",
      "type": "package",
      "path": "uipath.omnipage.bundle/1.0.1",
      "files": [
        ".nupkg.metadata",
        ".signature.p7s",
        "build/UiPath.OmniPage.Bundle.targets",
        "lib/net452/AppHelper.dll",
        "lib/net452/AppProductConfig.dll",
        "lib/net452/AppUtils.dll",
        "lib/net452/BALTIC.shp",
        "lib/net452/Bnt.dll",
        "lib/net452/Bold300.knb",
        "lib/net452/CRX.dll",
        "lib/net452/CYRILLIC.shp",
        "lib/net452/CharSetTable.chr",
        "lib/net452/ConvSettings.sts",
        "lib/net452/DISTR_TST.exe",
        "lib/net452/Defaults.dll",
        "lib/net452/ErrMsg.txz",
        "lib/net452/FireWrx2.dll",
        "lib/net452/FireWrx3.dll",
        "lib/net452/FireWrx4.dll",
        "lib/net452/FireWrx5.dll",
        "lib/net452/FireWrx6.dll",
        "lib/net452/Firewrx.dll",
        "lib/net452/Formatter.dll",
        "lib/net452/GREEK.shp",
        "lib/net452/ICDLLW32.dll",
        "lib/net452/ICHUNW32.dll",
        "lib/net452/IF_PNG.dll",
        "lib/net452/IPP_OmniPage.dlm",
        "lib/net452/KernelAPI.dll",
        "lib/net452/LATIN1.shp",
        "lib/net452/LATIN2.shp",
        "lib/net452/LEditor.dll",
        "lib/net452/LecsoMgr.dll",
        "lib/net452/ME_ConverterMgr.dlm",
        "lib/net452/ME_D2D.dlm",
        "lib/net452/ME_DocMgr.dlm",
        "lib/net452/ME_WFAssist.dlm",
        "lib/net452/ME_WFMgr.dlm",
        "lib/net452/ME_WFView.dlm",
        "lib/net452/MiddleEarth.dll",
        "lib/net452/Mor.dll",
        "lib/net452/Mor2.dll",
        "lib/net452/Mor3.dll",
        "lib/net452/Mor4.dll",
        "lib/net452/Mor5.dll",
        "lib/net452/Mor6.dll",
        "lib/net452/MorIF.dll",
        "lib/net452/Nuance.OmniPage.CSDK.ArgTypes.dll",
        "lib/net452/Nuance.OmniPage.CSDK.CAPI.dll",
        "lib/net452/Nuance.OmniPage.CSDK.Objects.dll",
        "lib/net452/PreRendering.dll",
        "lib/net452/R_CAT.DAT",
        "lib/net452/R_CZH.DAT",
        "lib/net452/R_DAN.DAT",
        "lib/net452/R_DUT.DAT",
        "lib/net452/R_ENG.DAT",
        "lib/net452/R_FIN.DAT",
        "lib/net452/R_FRE.DAT",
        "lib/net452/R_GER.DAT",
        "lib/net452/R_GRE.DAT",
        "lib/net452/R_HUN.DAT",
        "lib/net452/R_ITA.DAT",
        "lib/net452/R_NOR.DAT",
        "lib/net452/R_POL.DAT",
        "lib/net452/R_POR.DAT",
        "lib/net452/R_RUS.DAT",
        "lib/net452/R_SLN.DMD",
        "lib/net452/R_SPA.DAT",
        "lib/net452/R_SWE.DAT",
        "lib/net452/RecAPIPlus.dll",
        "lib/net452/RecDiag.dll",
        "lib/net452/RecPDFNet.dll",
        "lib/net452/Recogn.bct",
        "lib/net452/Recogn24.bct",
        "lib/net452/Rendering.dll",
        "lib/net452/Rendering2.dll",
        "lib/net452/SPDFLib.dll",
        "lib/net452/SkinnedClasses.dll",
        "lib/net452/SkinnedWindows.dll",
        "lib/net452/TURKISH.shp",
        "lib/net452/UiPath.OmniPage.Bundle.dll",
        "lib/net452/WM_OPActions.dlm",
        "lib/net452/WM_OPSteps.dlm",
        "lib/net452/WM_OPUIActions.dlm",
        "lib/net452/XIBRTB.BIN",
        "lib/net452/XIBRTC.BIN",
        "lib/net452/XIBRTD.BIN",
        "lib/net452/XIBRTE.BIN",
        "lib/net452/XIBRTP.BIN",
        "lib/net452/XIBRTS.BIN",
        "lib/net452/XIBRTZ.BIN",
        "lib/net452/XIBRZB.BIN",
        "lib/net452/XIBRZC.BIN",
        "lib/net452/XIBRZD.BIN",
        "lib/net452/XIBRZE.BIN",
        "lib/net452/XIBRZP.BIN",
        "lib/net452/XIBRZS.BIN",
        "lib/net452/XIBRZZ.BIN",
        "lib/net452/XIDANB.BIN",
        "lib/net452/XIDANC.BIN",
        "lib/net452/XIDAND.BIN",
        "lib/net452/XIDANE.BIN",
        "lib/net452/XIDANP.BIN",
        "lib/net452/XIDANS.BIN",
        "lib/net452/XIDANZ.BIN",
        "lib/net452/XIDUTB.BIN",
        "lib/net452/XIDUTC.BIN",
        "lib/net452/XIDUTD.BIN",
        "lib/net452/XIDUTE.BIN",
        "lib/net452/XIDUTP.BIN",
        "lib/net452/XIDUTS.BIN",
        "lib/net452/XIDUTZ.BIN",
        "lib/net452/XIFINB.BIN",
        "lib/net452/XIFINC.BIN",
        "lib/net452/XIFIND.BIN",
        "lib/net452/XIFINE.BIN",
        "lib/net452/XIFINP.BIN",
        "lib/net452/XIFINS.BIN",
        "lib/net452/XIFINZ.BIN",
        "lib/net452/XIFRNB.BIN",
        "lib/net452/XIFRNC.BIN",
        "lib/net452/XIFRND.BIN",
        "lib/net452/XIFRNE.BIN",
        "lib/net452/XIFRNP.BIN",
        "lib/net452/XIFRNS.BIN",
        "lib/net452/XIFRNZ.BIN",
        "lib/net452/XIGRMB.BIN",
        "lib/net452/XIGRMC.BIN",
        "lib/net452/XIGRMD.BIN",
        "lib/net452/XIGRME.BIN",
        "lib/net452/XIGRMP.BIN",
        "lib/net452/XIGRMS.BIN",
        "lib/net452/XIGRMZ.BIN",
        "lib/net452/XIITLB.BIN",
        "lib/net452/XIITLC.BIN",
        "lib/net452/XIITLD.BIN",
        "lib/net452/XIITLE.BIN",
        "lib/net452/XIITLP.BIN",
        "lib/net452/XIITLS.BIN",
        "lib/net452/XIITLZ.BIN",
        "lib/net452/XINRWB.BIN",
        "lib/net452/XINRWC.BIN",
        "lib/net452/XINRWD.BIN",
        "lib/net452/XINRWE.BIN",
        "lib/net452/XINRWP.BIN",
        "lib/net452/XINRWS.BIN",
        "lib/net452/XINRWZ.BIN",
        "lib/net452/XIPRTB.BIN",
        "lib/net452/XIPRTC.BIN",
        "lib/net452/XIPRTD.BIN",
        "lib/net452/XIPRTE.BIN",
        "lib/net452/XIPRTP.BIN",
        "lib/net452/XIPRTS.BIN",
        "lib/net452/XIPRTZ.BIN",
        "lib/net452/XISPNB.BIN",
        "lib/net452/XISPNC.BIN",
        "lib/net452/XISPND.BIN",
        "lib/net452/XISPNE.BIN",
        "lib/net452/XISPNP.BIN",
        "lib/net452/XISPNS.BIN",
        "lib/net452/XISPNZ.BIN",
        "lib/net452/XISWDB.BIN",
        "lib/net452/XISWDC.BIN",
        "lib/net452/XISWDD.BIN",
        "lib/net452/XISWDE.BIN",
        "lib/net452/XISWDP.BIN",
        "lib/net452/XISWDS.BIN",
        "lib/net452/XISWDZ.BIN",
        "lib/net452/Xiengb.bin",
        "lib/net452/Xiengc.bin",
        "lib/net452/Xiengd.bin",
        "lib/net452/Xienge.bin",
        "lib/net452/Xiengf.bin",
        "lib/net452/Xiengp.bin",
        "lib/net452/Xiengs.bin",
        "lib/net452/Xiengz.bin",
        "lib/net452/asciieng.lng",
        "lib/net452/atm2lll.dll",
        "lib/net452/czech.lng",
        "lib/net452/danish.lng",
        "lib/net452/dutch.lng",
        "lib/net452/english.lng",
        "lib/net452/finnish.lng",
        "lib/net452/french.lng",
        "lib/net452/german.lng",
        "lib/net452/greek.lng",
        "lib/net452/hungar.lng",
        "lib/net452/italian.lng",
        "lib/net452/jp2k_kdu_apps_vnew.dll",
        "lib/net452/kdu_vnewR.dll",
        "lib/net452/latin1.set",
        "lib/net452/lpdata.bin",
        "lib/net452/lpdata_russian.bin",
        "lib/net452/msvcp140.dll",
        "lib/net452/norsk.lng",
        "lib/net452/pccext.dll",
        "lib/net452/pccext2.dll",
        "lib/net452/pccext3.dll",
        "lib/net452/pccext4.dll",
        "lib/net452/pccext5.dll",
        "lib/net452/pccext6.dll",
        "lib/net452/polish.lng",
        "lib/net452/port.lng",
        "lib/net452/recogn.duz",
        "lib/net452/recogn.emp",
        "lib/net452/recogn.set",
        "lib/net452/recogn2.duz",
        "lib/net452/rndsdawg.dll",
        "lib/net452/rndsinso.dll",
        "lib/net452/russian.lng",
        "lib/net452/sami.set",
        "lib/net452/spanish.lng",
        "lib/net452/ssdoc-schema2.xml",
        "lib/net452/ssdoc-schema3.xsd",
        "lib/net452/swedish.lng",
        "lib/net452/turkish.lng",
        "lib/net452/vcruntime140.dll",
        "lib/net452/vtdata.bin",
        "lib/net452/xibrzd.dmd",
        "lib/net452/xiczhd.dmd",
        "lib/net452/xidand.dmd",
        "lib/net452/xidutd.dmd",
        "lib/net452/xiengd.dmd",
        "lib/net452/xiengl.bin",
        "lib/net452/xifind.dmd",
        "lib/net452/xifrnd.dmd",
        "lib/net452/xigred.dmd",
        "lib/net452/xigrmd.dmd",
        "lib/net452/xihund.dmd",
        "lib/net452/xiintd.dmd",
        "lib/net452/xiitld.dmd",
        "lib/net452/xinrwd.dmd",
        "lib/net452/xipold.dmd",
        "lib/net452/xiprtd.dmd",
        "lib/net452/xispnd.dmd",
        "lib/net452/xiswdd.dmd",
        "lib/net452/xiturd.dmd",
        "lib/net452/xocr.dll",
        "lib/net452/xocr2.dll",
        "lib/net452/xocr3.dll",
        "lib/net452/xocr32b.exe",
        "lib/net452/xocr4.dll",
        "lib/net452/xocr5.dll",
        "lib/net452/xocr6.dll",
        "uipath.omnipage.bundle.1.0.1.nupkg.sha512",
        "uipath.omnipage.bundle.nuspec"
      ]
    },
    "UiPath.System.Activities/20.2.0-beta.752105": {
      "sha512": "vNuB8P1E3S8Arc+IIj4K6CLd4eTv6t0hUlAOv2SGwOHiUua2pTpis+qs+/RBQKfx0SxuTJlEU3GvcRAM0f2q/w==",
      "type": "package",
      "path": "uipath.system.activities/20.2.0-beta.752105",
      "files": [
        ".nupkg.metadata",
        ".signature.p7s",
        "lib/net461/ActiproSoftware.Docking.Wpf.dll",
        "lib/net461/ActiproSoftware.Ribbon.Wpf.dll",
        "lib/net461/ActiproSoftware.Shared.Wpf.dll",
        "lib/net461/ActiproSoftware.SyntaxEditor.Addons.DotNet.Wpf.dll",
        "lib/net461/ActiproSoftware.SyntaxEditor.Wpf.dll",
        "lib/net461/ActiproSoftware.Text.Addons.DotNet.Wpf.dll",
        "lib/net461/ActiproSoftware.Text.LLParser.Wpf.dll",
        "lib/net461/ActiproSoftware.Text.Wpf.dll",
        "lib/net461/ActiproSoftware.Wizard.Wpf.dll",
        "lib/net461/CustomInputForm.exe",
        "lib/net461/UiPath.OrchestratorClient.dll",
        "lib/net461/UiPath.System.Activities.Design.dll",
        "lib/net461/UiPath.System.Activities.dll",
        "lib/net461/de/UiPath.System.Activities.Design.resources.dll",
        "lib/net461/de/UiPath.System.Activities.resources.dll",
        "lib/net461/es-MX/UiPath.System.Activities.Design.resources.dll",
        "lib/net461/es-MX/UiPath.System.Activities.resources.dll",
        "lib/net461/es/UiPath.System.Activities.Design.resources.dll",
        "lib/net461/es/UiPath.System.Activities.resources.dll",
        "lib/net461/fr/UiPath.System.Activities.Design.resources.dll",
        "lib/net461/fr/UiPath.System.Activities.resources.dll",
        "lib/net461/ja/UiPath.System.Activities.Design.resources.dll",
        "lib/net461/ja/UiPath.System.Activities.resources.dll",
        "lib/net461/ko/UiPath.System.Activities.Design.resources.dll",
        "lib/net461/ko/UiPath.System.Activities.resources.dll",
        "lib/net461/pt-BR/UiPath.System.Activities.Design.resources.dll",
        "lib/net461/pt-BR/UiPath.System.Activities.resources.dll",
        "lib/net461/pt/UiPath.System.Activities.Design.resources.dll",
        "lib/net461/pt/UiPath.System.Activities.resources.dll",
        "lib/net461/ru/UiPath.System.Activities.Design.resources.dll",
        "lib/net461/ru/UiPath.System.Activities.resources.dll",
        "lib/net461/tr/UiPath.System.Activities.Design.resources.dll",
        "lib/net461/tr/UiPath.System.Activities.resources.dll",
        "lib/net461/zh-CN/UiPath.System.Activities.Design.resources.dll",
        "lib/net461/zh-CN/UiPath.System.Activities.resources.dll",
        "uipath.system.activities.20.2.0-beta.752105.nupkg.sha512",
        "uipath.system.activities.nuspec"
      ]
    },
    "UiPath.UIAutomationX.Activities/2.0.0-beta.752730": {
      "sha512": "1lfJ8WKFb8e6dx8wL6osAxVVhqCYDTcFd706+jHJPgWDnshFPguQ0fN9hvNJ05ioEd5jcWIgow8KoteZRjSBLw==",
      "type": "package",
      "path": "uipath.uiautomationx.activities/2.0.0-beta.752730",
      "files": [
        ".nupkg.metadata",
        ".signature.p7s",
        "build/ActiproSoftware.DataGrid.Contrib.Wpf.dll",
        "build/ActiproSoftware.Docking.Wpf.dll",
        "build/ActiproSoftware.Editors.Wpf.dll",
        "build/ActiproSoftware.Ribbon.Wpf.dll",
        "build/ActiproSoftware.Shared.Wpf.dll",
        "build/ActiproSoftware.SyntaxEditor.Addons.DotNet.Wpf.dll",
        "build/ActiproSoftware.SyntaxEditor.Wpf.dll",
        "build/ActiproSoftware.Text.Addons.DotNet.Wpf.dll",
        "build/ActiproSoftware.Text.LLParser.Wpf.dll",
        "build/ActiproSoftware.Text.Wpf.dll",
        "build/ActiproSoftware.Wizard.Wpf.dll",
        "build/ICSharpCode.AvalonEdit.dll",
        "build/System.ValueTuple.dll",
        "build/UiExplorer.exe",
        "build/UiExplorer.exe.config",
        "build/UiExplorer_x64.exe",
        "build/UiExplorer_x64.exe.config",
        "build/UiPath.Activities.Contracts.dll",
        "build/UiPath.UIAutomation.Activities.Design.dll",
        "build/UiPath.UiAutomation.Activities.dll",
        "build/de/UiExplorer.resources.dll",
        "build/de/UiPath.UIAutomation.Activities.Design.resources.dll",
        "build/de/UiPath.UiAutomation.Activities.resources.dll",
        "build/es-MX/UiExplorer.resources.dll",
        "build/es-MX/UiPath.UIAutomation.Activities.Design.resources.dll",
        "build/es-MX/UiPath.UiAutomation.Activities.resources.dll",
        "build/es/UiExplorer.resources.dll",
        "build/es/UiPath.UIAutomation.Activities.Design.resources.dll",
        "build/es/UiPath.UiAutomation.Activities.resources.dll",
        "build/fr/UiExplorer.resources.dll",
        "build/fr/UiPath.UIAutomation.Activities.Design.resources.dll",
        "build/fr/UiPath.UiAutomation.Activities.resources.dll",
        "build/ja/UiExplorer.resources.dll",
        "build/ja/UiPath.UIAutomation.Activities.Design.resources.dll",
        "build/ja/UiPath.UiAutomation.Activities.resources.dll",
        "build/ko/UiExplorer.resources.dll",
        "build/ko/UiPath.UIAutomation.Activities.Design.resources.dll",
        "build/ko/UiPath.UiAutomation.Activities.resources.dll",
        "build/pt-BR/UiExplorer.resources.dll",
        "build/pt-BR/UiPath.UIAutomation.Activities.Design.resources.dll",
        "build/pt-BR/UiPath.UiAutomation.Activities.resources.dll",
        "build/pt/UiExplorer.resources.dll",
        "build/pt/UiPath.UIAutomation.Activities.Design.resources.dll",
        "build/pt/UiPath.UiAutomation.Activities.resources.dll",
        "build/ru/UiExplorer.resources.dll",
        "build/ru/UiPath.UIAutomation.Activities.Design.resources.dll",
        "build/ru/UiPath.UiAutomation.Activities.resources.dll",
        "build/tr/UiExplorer.resources.dll",
        "build/tr/UiPath.UIAutomation.Activities.Design.resources.dll",
        "build/tr/UiPath.UiAutomation.Activities.resources.dll",
        "build/zh-CN/UiExplorer.resources.dll",
        "build/zh-CN/UiPath.UIAutomation.Activities.Design.resources.dll",
        "build/zh-CN/UiPath.UiAutomation.Activities.resources.dll",
        "content/Resources/NodeMatchRules.xml",
        "lib/net461/UiPath.Shared.Recorder.Localization.dll",
        "lib/net461/UiPath.UIAutomationX.Activities.Design.dll",
        "lib/net461/UiPath.UIAutomationX.Activities.dll",
        "lib/net461/UiPath.UIAutomationX.dll",
        "lib/net461/de/UiPath.UIAutomationX.resources.dll",
        "lib/net461/es-MX/UiPath.UIAutomationX.resources.dll",
        "lib/net461/es/UiPath.UIAutomationX.resources.dll",
        "lib/net461/fr/UiPath.UIAutomationX.resources.dll",
        "lib/net461/ja/UiPath.UIAutomationX.resources.dll",
        "lib/net461/ko/UiPath.UIAutomationX.resources.dll",
        "lib/net461/pt-BR/UiPath.UIAutomationX.resources.dll",
        "lib/net461/pt/UiPath.UIAutomationX.resources.dll",
        "lib/net461/ru/UiPath.UIAutomationX.resources.dll",
        "lib/net461/tr/UiPath.UIAutomationX.resources.dll",
        "lib/net461/zh-cn/UiPath.UIAutomationX.resources.dll",
        "uipath.uiautomationx.activities.2.0.0-beta.752730.nupkg.sha512",
        "uipath.uiautomationx.activities.nuspec"
      ]
    },
    "UiPath.Vision/2.0.0": {
      "sha512": "iLw9jpfgO7GkyqymZzD+K5FgPsdd8ZuSRiZnSNLSh9TlTpAQhCnTdAsxaR39rk64RsJlDlFOrgTa/dJSgHKYlA==",
      "type": "package",
      "path": "uipath.vision/2.0.0",
      "files": [
        ".nupkg.metadata",
        ".signature.p7s",
        "build/AForge.Imaging.dll",
        "build/AForge.Math.dll",
        "build/AForge.dll",
        "build/BouncyCastle.Crypto.dll",
        "build/Emgu.CV.World.dll",
        "build/Google.Api.CommonProtos.dll",
        "build/Google.Api.Gax.Grpc.dll",
        "build/Google.Api.Gax.dll",
        "build/Google.Apis.Auth.PlatformServices.dll",
        "build/Google.Apis.Auth.dll",
        "build/Google.Apis.Core.dll",
        "build/Google.Apis.PlatformServices.dll",
        "build/Google.Apis.dll",
        "build/Google.Cloud.Vision.V1.dll",
        "build/Google.LongRunning.dll",
        "build/Google.Protobuf.dll",
        "build/Grpc.Auth.dll",
        "build/Grpc.Core.dll",
        "build/Microsoft.Azure.CognitiveServices.Vision.ComputerVision.dll",
        "build/Microsoft.ProjectOxford.Vision.dll",
        "build/Microsoft.Rest.ClientRuntime.Azure.dll",
        "build/Microsoft.Rest.ClientRuntime.dll",
        "build/NLog.dll",
        "build/Newtonsoft.Json.dll",
        "build/System.Collections.Immutable.dll",
        "build/System.Interactive.Async.dll",
        "build/System.ValueTuple.dll",
        "build/UiPath.OCR.Contracts.dll",
        "build/UiPath.Vision.AzureComputerVision.dll",
        "build/UiPath.Vision.Core.dll",
        "build/UiPath.Vision.GoogleCloud.dll",
        "build/UiPath.Vision.Host32.exe",
        "build/UiPath.Vision.Host32.exe.config",
        "build/UiPath.Vision.Microsoft.dll",
        "build/UiPath.Vision.MicrosoftCloud.dll",
        "build/UiPath.Vision.Tesseract.dll",
        "build/UiPath.Vision.dll",
        "build/ZedGraph.dll",
        "build/Zlib.Portable.dll",
        "build/grpc_csharp_ext.x64.dll",
        "build/grpc_csharp_ext.x86.dll",
        "build/nlog.config",
        "build/tessdata/eng.traineddata",
        "build/x86/concrt140.dll",
        "build/x86/cvextern.dll",
        "build/x86/msvcp140.dll",
        "build/x86/opencv_ffmpeg341.dll",
        "build/x86/tbb.dll",
        "build/x86/vcruntime140.dll",
        "lib/net452/UiPath.Vision.AzureComputerVision.dll",
        "lib/net452/UiPath.Vision.Core.dll",
        "lib/net452/UiPath.Vision.GoogleCloud.dll",
        "lib/net452/UiPath.Vision.Host32.exe",
        "lib/net452/UiPath.Vision.Microsoft.dll",
        "lib/net452/UiPath.Vision.MicrosoftCloud.dll",
        "lib/net452/UiPath.Vision.Tesseract.dll",
        "lib/net452/UiPath.Vision.dll",
        "uipath.vision.2.0.0.nupkg.sha512",
        "uipath.vision.nuspec"
      ]
    },
    "UiPath.Word.Activities/1.4.0-beta.746355": {
      "sha512": "rC1iTVCfrHZkm1V0siAB9tt3wd8++L6BlLooD/iEyngBv8xHt9WFzlaprFS90MhAaQiuM2ah4ohSWYbAiNttzQ==",
      "type": "package",
      "path": "uipath.word.activities/1.4.0-beta.746355",
      "files": [
        ".nupkg.metadata",
        ".signature.p7s",
        "lib/net461/UiPath.Word.Activities.Design.dll",
        "lib/net461/UiPath.Word.Activities.dll",
        "lib/net461/UiPath.Word.dll",
        "lib/net461/de/UiPath.Word.Activities.Design.resources.dll",
        "lib/net461/de/UiPath.Word.Activities.resources.dll",
        "lib/net461/de/UiPath.Word.resources.dll",
        "lib/net461/es-MX/UiPath.Word.Activities.Design.resources.dll",
        "lib/net461/es-MX/UiPath.Word.Activities.resources.dll",
        "lib/net461/es-MX/UiPath.Word.resources.dll",
        "lib/net461/es/UiPath.Word.Activities.Design.resources.dll",
        "lib/net461/es/UiPath.Word.Activities.resources.dll",
        "lib/net461/es/UiPath.Word.resources.dll",
        "lib/net461/fr/UiPath.Word.Activities.Design.resources.dll",
        "lib/net461/fr/UiPath.Word.Activities.resources.dll",
        "lib/net461/fr/UiPath.Word.resources.dll",
        "lib/net461/ja/UiPath.Word.Activities.Design.resources.dll",
        "lib/net461/ja/UiPath.Word.Activities.resources.dll",
        "lib/net461/ja/UiPath.Word.resources.dll",
        "lib/net461/ko/UiPath.Word.Activities.Design.resources.dll",
        "lib/net461/ko/UiPath.Word.Activities.resources.dll",
        "lib/net461/ko/UiPath.Word.resources.dll",
        "lib/net461/pt-BR/UiPath.Word.Activities.Design.resources.dll",
        "lib/net461/pt-BR/UiPath.Word.Activities.resources.dll",
        "lib/net461/pt-BR/UiPath.Word.resources.dll",
        "lib/net461/pt/UiPath.Word.Activities.Design.resources.dll",
        "lib/net461/pt/UiPath.Word.Activities.resources.dll",
        "lib/net461/pt/UiPath.Word.resources.dll",
        "lib/net461/ru/UiPath.Word.Activities.Design.resources.dll",
        "lib/net461/ru/UiPath.Word.Activities.resources.dll",
        "lib/net461/ru/UiPath.Word.resources.dll",
        "lib/net461/tr/UiPath.Word.Activities.Design.resources.dll",
        "lib/net461/tr/UiPath.Word.Activities.resources.dll",
        "lib/net461/tr/UiPath.Word.resources.dll",
        "lib/net461/zh-CN/UiPath.Word.Activities.Design.resources.dll",
        "lib/net461/zh-CN/UiPath.Word.Activities.resources.dll",
        "lib/net461/zh-CN/UiPath.Word.resources.dll",
        "uipath.word.activities.1.4.0-beta.746355.nupkg.sha512",
        "uipath.word.activities.nuspec"
      ]
    }
  },
  "projectFileDependencyGroups": {
    "": [],
    ".NETFramework,Version=v4.6.1": [
      "UiPath.ComplexScenarios.Activities >= 1.0.0-beta.751974 <= 1.0.0-beta.751974",
      "UiPath.Excel.Activities >= 2.8.1-beta.753242 <= 2.8.1-beta.753242",
      "UiPath.Mail.Activities >= 1.8.1-beta.753077 <= 1.8.1-beta.753077",
      "UiPath.System.Activities >= 20.2.0-beta.752105 <= 20.2.0-beta.752105",
      "UiPath.UIAutomationX.Activities >= 2.0.0-beta.752730 <= 2.0.0-beta.752730",
      "UiPath.Word.Activities >= 1.4.0-beta.746355 <= 1.4.0-beta.746355"
    ]
  },
  "packageFolders": {
    "C:\\Users\\Andrew Hall\\.nuget\\packages\\": {}
  },
  "project": {
    "restore": {
      "projectUniqueName": "Save Outlook Attachments",
      "projectName": "Save Outlook Attachments",
      "projectPath": "C:\\Users\\Andrew Hall\\Documents\\UiPath\\UpdatedTemplates\\Save Outlook Attachments\\.local",
      "packagesPath": "C:\\Users\\Andrew Hall\\.nuget\\packages\\",
      "outputPath": "C:\\Users\\Andrew Hall\\Documents\\UiPath\\UpdatedTemplates\\Save Outlook Attachments\\.local"
    },
    "frameworks": {
      "net461": {
        "dependencies": {
          "UiPath.ComplexScenarios.Activities": {
            "include": "Runtime",
            "target": "Package",
            "version": "[1.0.0-beta.751974, 1.0.0-beta.751974]"
          },
          "UiPath.Excel.Activities": {
            "include": "Runtime",
            "target": "Package",
            "version": "[2.8.1-beta.753242, 2.8.1-beta.753242]"
          },
          "UiPath.Mail.Activities": {
            "include": "Runtime",
            "target": "Package",
            "version": "[1.8.1-beta.753077, 1.8.1-beta.753077]"
          },
          "UiPath.System.Activities": {
            "include": "Runtime",
            "target": "Package",
            "version": "[20.2.0-beta.752105, 20.2.0-beta.752105]"
          },
          "UiPath.UIAutomationX.Activities": {
            "include": "Runtime",
            "target": "Package",
            "version": "[2.0.0-beta.752730, 2.0.0-beta.752730]"
          },
          "UiPath.Word.Activities": {
            "include": "Runtime",
            "target": "Package",
            "version": "[1.4.0-beta.746355, 1.4.0-beta.746355]"
          }
        }
      }
    }
  }
}