{
  "Packages": [
    {
      "Package": {
        "Id": "UiPath.ComplexScenarios.Activities",
        "Version": "1.0.0-beta.751974"
      },
      "Assemblies": [
        "C:\\Users\\Andrew Hall\\.nuget\\packages\\uipath.complexscenarios.activities/1.0.0-beta.751974\\lib/net461/UiPath.ComplexScenarios.Design.dll"
      ],
      "Path": "C:\\Users\\Andrew Hall\\.nuget\\packages\\uipath.complexscenarios.activities/1.0.0-beta.751974"
    },
    {
      "Package": {
        "Id": "UiPath.Excel.Activities",
        "Version": "2.8.1-beta.753242"
      },
      "Assemblies": [
        "C:\\Users\\Andrew Hall\\.nuget\\packages\\closedxml/0.87.1\\lib/net40/ClosedXML.dll",
        "C:\\Users\\Andrew Hall\\.nuget\\packages\\csvhelper/2.13.5\\lib/net40-client/CsvHelper.dll",
        "C:\\Users\\Andrew Hall\\.nuget\\packages\\documentformat.openxml/2.5.0\\lib/DocumentFormat.OpenXml.dll",
        "C:\\Users\\Andrew Hall\\.nuget\\packages\\microsoft.visualstudio.ole.interop/7.10.6071\\lib/Microsoft.VisualStudio.OLE.Interop.dll",
        "C:\\Users\\Andrew Hall\\.nuget\\packages\\npoi/2.4.1\\lib/net45/NPOI.OOXML.dll",
        "C:\\Users\\Andrew Hall\\.nuget\\packages\\npoi/2.4.1\\lib/net45/NPOI.OpenXml4Net.dll",
        "C:\\Users\\Andrew Hall\\.nuget\\packages\\npoi/2.4.1\\lib/net45/NPOI.OpenXmlFormats.dll",
        "C:\\Users\\Andrew Hall\\.nuget\\packages\\npoi/2.4.1\\lib/net45/NPOI.dll",
        "C:\\Users\\Andrew Hall\\.nuget\\packages\\sharpziplib/1.0.0\\lib/net45/ICSharpCode.SharpZipLib.dll",
        "C:\\Users\\Andrew Hall\\.nuget\\packages\\uipath.excel.activities/2.8.1-beta.753242\\lib/net461/UiPath.Excel.Activities.Design.dll",
        "C:\\Users\\Andrew Hall\\.nuget\\packages\\uipath.excel.activities/2.8.1-beta.753242\\lib/net461/UiPath.Excel.Activities.dll",
        "C:\\Users\\Andrew Hall\\.nuget\\packages\\uipath.excel.activities/2.8.1-beta.753242\\lib/net461/UiPath.Excel.dll"
      ],
      "Path": "C:\\Users\\Andrew Hall\\.nuget\\packages\\uipath.excel.activities/2.8.1-beta.753242"
    },
    {
      "Package": {
        "Id": "UiPath.Mail.Activities",
        "Version": "1.8.1-beta.753077"
      },
      "Assemblies": [
        "C:\\Users\\Andrew Hall\\.nuget\\packages\\bouncycastle/1.8.5\\lib/BouncyCastle.Crypto.dll",
        "C:\\Users\\Andrew Hall\\.nuget\\packages\\interop.domino.dll/1.0.0\\lib/Interop.Domino.dll",
        "C:\\Users\\Andrew Hall\\.nuget\\packages\\microsoft.exchange.webservices/2.2.0\\lib/40/Microsoft.Exchange.WebServices.Auth.dll",
        "C:\\Users\\Andrew Hall\\.nuget\\packages\\microsoft.exchange.webservices/2.2.0\\lib/40/Microsoft.Exchange.WebServices.dll",
        "C:\\Users\\Andrew Hall\\.nuget\\packages\\system.valuetuple/4.5.0\\lib/net461/System.ValueTuple.dll",
        "C:\\Users\\Andrew Hall\\.nuget\\packages\\uipath.mail.activities/1.8.1-beta.753077\\lib/net461/MailKit.dll",
        "C:\\Users\\Andrew Hall\\.nuget\\packages\\uipath.mail.activities/1.8.1-beta.753077\\lib/net461/MimeKit.dll",
        "C:\\Users\\Andrew Hall\\.nuget\\packages\\uipath.mail.activities/1.8.1-beta.753077\\lib/net461/UiPath.Mail.Activities.Design.dll",
        "C:\\Users\\Andrew Hall\\.nuget\\packages\\uipath.mail.activities/1.8.1-beta.753077\\lib/net461/UiPath.Mail.Activities.dll",
        "C:\\Users\\Andrew Hall\\.nuget\\packages\\uipath.mail.activities/1.8.1-beta.753077\\lib/net461/UiPath.Mail.dll"
      ],
      "Path": "C:\\Users\\Andrew Hall\\.nuget\\packages\\uipath.mail.activities/1.8.1-beta.753077"
    },
    {
      "Package": {
        "Id": "UiPath.System.Activities",
        "Version": "20.2.0-beta.752105"
      },
      "Assemblies": [
        "C:\\Users\\Andrew Hall\\.nuget\\packages\\csvhelper/2.13.5\\lib/net40-client/CsvHelper.dll",
        "C:\\Users\\Andrew Hall\\.nuget\\packages\\microsoft.aspnet.signalr.client/2.4.0\\lib/net45/Microsoft.AspNet.SignalR.Client.dll",
        "C:\\Users\\Andrew Hall\\.nuget\\packages\\microsoft.rest.clientruntime/2.3.20\\lib/net461/Microsoft.Rest.ClientRuntime.dll",
        "C:\\Users\\Andrew Hall\\.nuget\\packages\\newtonsoft.json/11.0.2\\lib/net45/Newtonsoft.Json.dll",
        "C:\\Users\\Andrew Hall\\.nuget\\packages\\uipath.system.activities/20.2.0-beta.752105\\lib/net461/ActiproSoftware.Docking.Wpf.dll",
        "C:\\Users\\Andrew Hall\\.nuget\\packages\\uipath.system.activities/20.2.0-beta.752105\\lib/net461/ActiproSoftware.Ribbon.Wpf.dll",
        "C:\\Users\\Andrew Hall\\.nuget\\packages\\uipath.system.activities/20.2.0-beta.752105\\lib/net461/ActiproSoftware.Shared.Wpf.dll",
        "C:\\Users\\Andrew Hall\\.nuget\\packages\\uipath.system.activities/20.2.0-beta.752105\\lib/net461/ActiproSoftware.SyntaxEditor.Addons.DotNet.Wpf.dll",
        "C:\\Users\\Andrew Hall\\.nuget\\packages\\uipath.system.activities/20.2.0-beta.752105\\lib/net461/ActiproSoftware.SyntaxEditor.Wpf.dll",
        "C:\\Users\\Andrew Hall\\.nuget\\packages\\uipath.system.activities/20.2.0-beta.752105\\lib/net461/ActiproSoftware.Text.Addons.DotNet.Wpf.dll",
        "C:\\Users\\Andrew Hall\\.nuget\\packages\\uipath.system.activities/20.2.0-beta.752105\\lib/net461/ActiproSoftware.Text.LLParser.Wpf.dll",
        "C:\\Users\\Andrew Hall\\.nuget\\packages\\uipath.system.activities/20.2.0-beta.752105\\lib/net461/ActiproSoftware.Text.Wpf.dll",
        "C:\\Users\\Andrew Hall\\.nuget\\packages\\uipath.system.activities/20.2.0-beta.752105\\lib/net461/ActiproSoftware.Wizard.Wpf.dll",
        "C:\\Users\\Andrew Hall\\.nuget\\packages\\uipath.system.activities/20.2.0-beta.752105\\lib/net461/UiPath.OrchestratorClient.dll",
        "C:\\Users\\Andrew Hall\\.nuget\\packages\\uipath.system.activities/20.2.0-beta.752105\\lib/net461/UiPath.System.Activities.Design.dll",
        "C:\\Users\\Andrew Hall\\.nuget\\packages\\uipath.system.activities/20.2.0-beta.752105\\lib/net461/UiPath.System.Activities.dll"
      ],
      "Path": "C:\\Users\\Andrew Hall\\.nuget\\packages\\uipath.system.activities/20.2.0-beta.752105"
    },
    {
      "Package": {
        "Id": "UiPath.UIAutomationX.Activities",
        "Version": "2.0.0-beta.752730"
      },
      "Assemblies": [
        "C:\\Users\\Andrew Hall\\.nuget\\packages\\avalonedit/5.0.3\\lib/Net40/ICSharpCode.AvalonEdit.dll",
        "C:\\Users\\Andrew Hall\\.nuget\\packages\\extended.wpf.toolkit/2.8.0\\lib/net40/Xceed.Wpf.AvalonDock.Themes.Aero.dll",
        "C:\\Users\\Andrew Hall\\.nuget\\packages\\extended.wpf.toolkit/2.8.0\\lib/net40/Xceed.Wpf.AvalonDock.Themes.Metro.dll",
        "C:\\Users\\Andrew Hall\\.nuget\\packages\\extended.wpf.toolkit/2.8.0\\lib/net40/Xceed.Wpf.AvalonDock.Themes.VS2010.dll",
        "C:\\Users\\Andrew Hall\\.nuget\\packages\\extended.wpf.toolkit/2.8.0\\lib/net40/Xceed.Wpf.AvalonDock.dll",
        "C:\\Users\\Andrew Hall\\.nuget\\packages\\extended.wpf.toolkit/2.8.0\\lib/net40/Xceed.Wpf.DataGrid.dll",
        "C:\\Users\\Andrew Hall\\.nuget\\packages\\extended.wpf.toolkit/2.8.0\\lib/net40/Xceed.Wpf.Toolkit.dll",
        "C:\\Users\\Andrew Hall\\.nuget\\packages\\newtonsoft.json/11.0.2\\lib/net45/Newtonsoft.Json.dll",
        "C:\\Users\\Andrew Hall\\.nuget\\packages\\uipath/20.2.7345.19097-preview\\lib/UiPath.Interop.dll",
        "C:\\Users\\Andrew Hall\\.nuget\\packages\\uipath.ocr.contracts/2.3.0-preview\\lib/net45/UiPath.OCR.Contracts.dll",
        "C:\\Users\\Andrew Hall\\.nuget\\packages\\uipath.omnipage.activities/1.3.0-preview\\lib/net452/UiPath.OmniPage.Activities.Design.dll",
        "C:\\Users\\Andrew Hall\\.nuget\\packages\\uipath.omnipage.activities/1.3.0-preview\\lib/net452/UiPath.OmniPage.Activities.dll",
        "C:\\Users\\Andrew Hall\\.nuget\\packages\\uipath.omnipage.activities/1.3.0-preview\\lib/net452/UiPath.Vision.OmniPage.Core.dll",
        "C:\\Users\\Andrew Hall\\.nuget\\packages\\uipath.omnipage.activities/1.3.0-preview\\lib/net452/UiPath.Vision.OmniPage.dll",
        "C:\\Users\\Andrew Hall\\.nuget\\packages\\uipath.omnipage.bundle/1.0.1\\lib/net452/AppHelper.dll",
        "C:\\Users\\Andrew Hall\\.nuget\\packages\\uipath.omnipage.bundle/1.0.1\\lib/net452/AppProductConfig.dll",
        "C:\\Users\\Andrew Hall\\.nuget\\packages\\uipath.omnipage.bundle/1.0.1\\lib/net452/AppUtils.dll",
        "C:\\Users\\Andrew Hall\\.nuget\\packages\\uipath.omnipage.bundle/1.0.1\\lib/net452/Bnt.dll",
        "C:\\Users\\Andrew Hall\\.nuget\\packages\\uipath.omnipage.bundle/1.0.1\\lib/net452/CRX.dll",
        "C:\\Users\\Andrew Hall\\.nuget\\packages\\uipath.omnipage.bundle/1.0.1\\lib/net452/Defaults.dll",
        "C:\\Users\\Andrew Hall\\.nuget\\packages\\uipath.omnipage.bundle/1.0.1\\lib/net452/FireWrx2.dll",
        "C:\\Users\\Andrew Hall\\.nuget\\packages\\uipath.omnipage.bundle/1.0.1\\lib/net452/FireWrx3.dll",
        "C:\\Users\\Andrew Hall\\.nuget\\packages\\uipath.omnipage.bundle/1.0.1\\lib/net452/FireWrx4.dll",
        "C:\\Users\\Andrew Hall\\.nuget\\packages\\uipath.omnipage.bundle/1.0.1\\lib/net452/FireWrx5.dll",
        "C:\\Users\\Andrew Hall\\.nuget\\packages\\uipath.omnipage.bundle/1.0.1\\lib/net452/FireWrx6.dll",
        "C:\\Users\\Andrew Hall\\.nuget\\packages\\uipath.omnipage.bundle/1.0.1\\lib/net452/Firewrx.dll",
        "C:\\Users\\Andrew Hall\\.nuget\\packages\\uipath.omnipage.bundle/1.0.1\\lib/net452/Formatter.dll",
        "C:\\Users\\Andrew Hall\\.nuget\\packages\\uipath.omnipage.bundle/1.0.1\\lib/net452/ICDLLW32.dll",
        "C:\\Users\\Andrew Hall\\.nuget\\packages\\uipath.omnipage.bundle/1.0.1\\lib/net452/ICHUNW32.dll",
        "C:\\Users\\Andrew Hall\\.nuget\\packages\\uipath.omnipage.bundle/1.0.1\\lib/net452/IF_PNG.dll",
        "C:\\Users\\Andrew Hall\\.nuget\\packages\\uipath.omnipage.bundle/1.0.1\\lib/net452/KernelAPI.dll",
        "C:\\Users\\Andrew Hall\\.nuget\\packages\\uipath.omnipage.bundle/1.0.1\\lib/net452/LEditor.dll",
        "C:\\Users\\Andrew Hall\\.nuget\\packages\\uipath.omnipage.bundle/1.0.1\\lib/net452/LecsoMgr.dll",
        "C:\\Users\\Andrew Hall\\.nuget\\packages\\uipath.omnipage.bundle/1.0.1\\lib/net452/MiddleEarth.dll",
        "C:\\Users\\Andrew Hall\\.nuget\\packages\\uipath.omnipage.bundle/1.0.1\\lib/net452/Mor.dll",
        "C:\\Users\\Andrew Hall\\.nuget\\packages\\uipath.omnipage.bundle/1.0.1\\lib/net452/Mor2.dll",
        "C:\\Users\\Andrew Hall\\.nuget\\packages\\uipath.omnipage.bundle/1.0.1\\lib/net452/Mor3.dll",
        "C:\\Users\\Andrew Hall\\.nuget\\packages\\uipath.omnipage.bundle/1.0.1\\lib/net452/Mor4.dll",
        "C:\\Users\\Andrew Hall\\.nuget\\packages\\uipath.omnipage.bundle/1.0.1\\lib/net452/Mor5.dll",
        "C:\\Users\\Andrew Hall\\.nuget\\packages\\uipath.omnipage.bundle/1.0.1\\lib/net452/Mor6.dll",
        "C:\\Users\\Andrew Hall\\.nuget\\packages\\uipath.omnipage.bundle/1.0.1\\lib/net452/MorIF.dll",
        "C:\\Users\\Andrew Hall\\.nuget\\packages\\uipath.omnipage.bundle/1.0.1\\lib/net452/Nuance.OmniPage.CSDK.ArgTypes.dll",
        "C:\\Users\\Andrew Hall\\.nuget\\packages\\uipath.omnipage.bundle/1.0.1\\lib/net452/Nuance.OmniPage.CSDK.CAPI.dll",
        "C:\\Users\\Andrew Hall\\.nuget\\packages\\uipath.omnipage.bundle/1.0.1\\lib/net452/Nuance.OmniPage.CSDK.Objects.dll",
        "C:\\Users\\Andrew Hall\\.nuget\\packages\\uipath.omnipage.bundle/1.0.1\\lib/net452/PreRendering.dll",
        "C:\\Users\\Andrew Hall\\.nuget\\packages\\uipath.omnipage.bundle/1.0.1\\lib/net452/RecAPIPlus.dll",
        "C:\\Users\\Andrew Hall\\.nuget\\packages\\uipath.omnipage.bundle/1.0.1\\lib/net452/RecDiag.dll",
        "C:\\Users\\Andrew Hall\\.nuget\\packages\\uipath.omnipage.bundle/1.0.1\\lib/net452/RecPDFNet.dll",
        "C:\\Users\\Andrew Hall\\.nuget\\packages\\uipath.omnipage.bundle/1.0.1\\lib/net452/Rendering.dll",
        "C:\\Users\\Andrew Hall\\.nuget\\packages\\uipath.omnipage.bundle/1.0.1\\lib/net452/Rendering2.dll",
        "C:\\Users\\Andrew Hall\\.nuget\\packages\\uipath.omnipage.bundle/1.0.1\\lib/net452/SPDFLib.dll",
        "C:\\Users\\Andrew Hall\\.nuget\\packages\\uipath.omnipage.bundle/1.0.1\\lib/net452/SkinnedClasses.dll",
        "C:\\Users\\Andrew Hall\\.nuget\\packages\\uipath.omnipage.bundle/1.0.1\\lib/net452/SkinnedWindows.dll",
        "C:\\Users\\Andrew Hall\\.nuget\\packages\\uipath.omnipage.bundle/1.0.1\\lib/net452/UiPath.OmniPage.Bundle.dll",
        "C:\\Users\\Andrew Hall\\.nuget\\packages\\uipath.omnipage.bundle/1.0.1\\lib/net452/atm2lll.dll",
        "C:\\Users\\Andrew Hall\\.nuget\\packages\\uipath.omnipage.bundle/1.0.1\\lib/net452/jp2k_kdu_apps_vnew.dll",
        "C:\\Users\\Andrew Hall\\.nuget\\packages\\uipath.omnipage.bundle/1.0.1\\lib/net452/kdu_vnewR.dll",
        "C:\\Users\\Andrew Hall\\.nuget\\packages\\uipath.omnipage.bundle/1.0.1\\lib/net452/msvcp140.dll",
        "C:\\Users\\Andrew Hall\\.nuget\\packages\\uipath.omnipage.bundle/1.0.1\\lib/net452/pccext.dll",
        "C:\\Users\\Andrew Hall\\.nuget\\packages\\uipath.omnipage.bundle/1.0.1\\lib/net452/pccext2.dll",
        "C:\\Users\\Andrew Hall\\.nuget\\packages\\uipath.omnipage.bundle/1.0.1\\lib/net452/pccext3.dll",
        "C:\\Users\\Andrew Hall\\.nuget\\packages\\uipath.omnipage.bundle/1.0.1\\lib/net452/pccext4.dll",
        "C:\\Users\\Andrew Hall\\.nuget\\packages\\uipath.omnipage.bundle/1.0.1\\lib/net452/pccext5.dll",
        "C:\\Users\\Andrew Hall\\.nuget\\packages\\uipath.omnipage.bundle/1.0.1\\lib/net452/pccext6.dll",
        "C:\\Users\\Andrew Hall\\.nuget\\packages\\uipath.omnipage.bundle/1.0.1\\lib/net452/rndsdawg.dll",
        "C:\\Users\\Andrew Hall\\.nuget\\packages\\uipath.omnipage.bundle/1.0.1\\lib/net452/rndsinso.dll",
        "C:\\Users\\Andrew Hall\\.nuget\\packages\\uipath.omnipage.bundle/1.0.1\\lib/net452/vcruntime140.dll",
        "C:\\Users\\Andrew Hall\\.nuget\\packages\\uipath.omnipage.bundle/1.0.1\\lib/net452/xocr.dll",
        "C:\\Users\\Andrew Hall\\.nuget\\packages\\uipath.omnipage.bundle/1.0.1\\lib/net452/xocr2.dll",
        "C:\\Users\\Andrew Hall\\.nuget\\packages\\uipath.omnipage.bundle/1.0.1\\lib/net452/xocr3.dll",
        "C:\\Users\\Andrew Hall\\.nuget\\packages\\uipath.omnipage.bundle/1.0.1\\lib/net452/xocr4.dll",
        "C:\\Users\\Andrew Hall\\.nuget\\packages\\uipath.omnipage.bundle/1.0.1\\lib/net452/xocr5.dll",
        "C:\\Users\\Andrew Hall\\.nuget\\packages\\uipath.omnipage.bundle/1.0.1\\lib/net452/xocr6.dll",
        "C:\\Users\\Andrew Hall\\.nuget\\packages\\uipath.uiautomationx.activities/2.0.0-beta.752730\\lib/net461/UiPath.Shared.Recorder.Localization.dll",
        "C:\\Users\\Andrew Hall\\.nuget\\packages\\uipath.uiautomationx.activities/2.0.0-beta.752730\\lib/net461/UiPath.UIAutomationX.Activities.Design.dll",
        "C:\\Users\\Andrew Hall\\.nuget\\packages\\uipath.uiautomationx.activities/2.0.0-beta.752730\\lib/net461/UiPath.UIAutomationX.Activities.dll",
        "C:\\Users\\Andrew Hall\\.nuget\\packages\\uipath.uiautomationx.activities/2.0.0-beta.752730\\lib/net461/UiPath.UIAutomationX.dll",
        "C:\\Users\\Andrew Hall\\.nuget\\packages\\uipath.vision/2.0.0\\lib/net452/UiPath.Vision.AzureComputerVision.dll",
        "C:\\Users\\Andrew Hall\\.nuget\\packages\\uipath.vision/2.0.0\\lib/net452/UiPath.Vision.Core.dll",
        "C:\\Users\\Andrew Hall\\.nuget\\packages\\uipath.vision/2.0.0\\lib/net452/UiPath.Vision.GoogleCloud.dll",
        "C:\\Users\\Andrew Hall\\.nuget\\packages\\uipath.vision/2.0.0\\lib/net452/UiPath.Vision.Microsoft.dll",
        "C:\\Users\\Andrew Hall\\.nuget\\packages\\uipath.vision/2.0.0\\lib/net452/UiPath.Vision.MicrosoftCloud.dll",
        "C:\\Users\\Andrew Hall\\.nuget\\packages\\uipath.vision/2.0.0\\lib/net452/UiPath.Vision.Tesseract.dll",
        "C:\\Users\\Andrew Hall\\.nuget\\packages\\uipath.vision/2.0.0\\lib/net452/UiPath.Vision.dll"
      ],
      "Path": "C:\\Users\\Andrew Hall\\.nuget\\packages\\uipath.uiautomationx.activities/2.0.0-beta.752730"
    },
    {
      "Package": {
        "Id": "UiPath.Word.Activities",
        "Version": "1.4.0-beta.746355"
      },
      "Assemblies": [
        "C:\\Users\\Andrew Hall\\.nuget\\packages\\docx/1.0.0.18\\lib/net40/DocX.dll",
        "C:\\Users\\Andrew Hall\\.nuget\\packages\\uipath.word.activities/1.4.0-beta.746355\\lib/net461/UiPath.Word.Activities.Design.dll",
        "C:\\Users\\Andrew Hall\\.nuget\\packages\\uipath.word.activities/1.4.0-beta.746355\\lib/net461/UiPath.Word.Activities.dll",
        "C:\\Users\\Andrew Hall\\.nuget\\packages\\uipath.word.activities/1.4.0-beta.746355\\lib/net461/UiPath.Word.dll"
      ],
      "Path": "C:\\Users\\Andrew Hall\\.nuget\\packages\\uipath.word.activities/1.4.0-beta.746355"
    }
  ],
  "Conflicts": [],
  "ResolvedDependencies": {
    "AvalonEdit": {
      "Id": "AvalonEdit",
      "Version": "5.0.3",
      "Dependencies": []
    },
    "BouncyCastle": {
      "Id": "BouncyCastle",
      "Version": "1.8.5",
      "Dependencies": []
    },
    "ClosedXML": {
      "Id": "ClosedXML",
      "Version": "0.87.1",
      "Dependencies": [
        {
          "Item1": "DocumentFormat.OpenXml",
          "Item2": "[2.5.0, )"
        }
      ]
    },
    "CsvHelper": {
      "Id": "CsvHelper",
      "Version": "2.13.5",
      "Dependencies": []
    },
    "DocumentFormat.OpenXml": {
      "Id": "DocumentFormat.OpenXml",
      "Version": "2.5.0",
      "Dependencies": []
    },
    "DocX": {
      "Id": "DocX",
      "Version": "1.0.0.18",
      "Dependencies": []
    },
    "Extended.Wpf.Toolkit": {
      "Id": "Extended.Wpf.Toolkit",
      "Version": "2.8.0",
      "Dependencies": []
    },
    "interop.domino.dll": {
      "Id": "interop.domino.dll",
      "Version": "1.0.0",
      "Dependencies": []
    },
    "Microsoft.AspNet.SignalR.Client": {
      "Id": "Microsoft.AspNet.SignalR.Client",
      "Version": "2.4.0",
      "Dependencies": [
        {
          "Item1": "Newtonsoft.Json",
          "Item2": "[6.0.4, )"
        }
      ]
    },
    "Microsoft.Exchange.WebServices": {
      "Id": "Microsoft.Exchange.WebServices",
      "Version": "2.2.0",
      "Dependencies": []
    },
    "Microsoft.Rest.ClientRuntime": {
      "Id": "Microsoft.Rest.ClientRuntime",
      "Version": "2.3.20",
      "Dependencies": [
        {
          "Item1": "Newtonsoft.Json",
          "Item2": "[10.0.3, )"
        }
      ]
    },
    "Microsoft.VisualStudio.OLE.Interop": {
      "Id": "Microsoft.VisualStudio.OLE.Interop",
      "Version": "7.10.6071",
      "Dependencies": []
    },
    "Newtonsoft.Json": {
      "Id": "Newtonsoft.Json",
      "Version": "11.0.2",
      "Dependencies": []
    },
    "NPOI": {
      "Id": "NPOI",
      "Version": "2.4.1",
      "Dependencies": [
        {
          "Item1": "SharpZipLib",
          "Item2": "[1.0.0, )"
        }
      ]
    },
    "SharpZipLib": {
      "Id": "SharpZipLib",
      "Version": "1.0.0",
      "Dependencies": []
    },
    "System.ValueTuple": {
      "Id": "System.ValueTuple",
      "Version": "4.5.0",
      "Dependencies": []
    },
    "UiPath": {
      "Id": "UiPath",
      "Version": "20.2.7345.19097-preview",
      "Dependencies": []
    },
    "UiPath.ComplexScenarios.Activities": {
      "Id": "UiPath.ComplexScenarios.Activities",
      "Version": "1.0.0-beta.751974",
      "Dependencies": []
    },
    "UiPath.Excel.Activities": {
      "Id": "UiPath.Excel.Activities",
      "Version": "2.8.1-beta.753242",
      "Dependencies": [
        {
          "Item1": "ClosedXML",
          "Item2": "[0.87.1, )"
        },
        {
          "Item1": "CsvHelper",
          "Item2": "[2.13.5, )"
        },
        {
          "Item1": "DocumentFormat.OpenXml",
          "Item2": "[2.5.0, )"
        },
        {
          "Item1": "Microsoft.VisualStudio.OLE.Interop",
          "Item2": "[7.10.6071, )"
        },
        {
          "Item1": "NPOI",
          "Item2": "[2.4.1, )"
        },
        {
          "Item1": "SharpZipLib",
          "Item2": "[1.0.0, )"
        }
      ]
    },
    "UiPath.Mail.Activities": {
      "Id": "UiPath.Mail.Activities",
      "Version": "1.8.1-beta.753077",
      "Dependencies": [
        {
          "Item1": "System.ValueTuple",
          "Item2": "[4.5.0, )"
        },
        {
          "Item1": "Microsoft.Exchange.WebServices",
          "Item2": "[2.2.0, )"
        },
        {
          "Item1": "BouncyCastle",
          "Item2": "[1.8.5, )"
        },
        {
          "Item1": "interop.domino.dll",
          "Item2": "[1.0.0, )"
        }
      ]
    },
    "UiPath.OCR.Contracts": {
      "Id": "UiPath.OCR.Contracts",
      "Version": "2.3.0-preview",
      "Dependencies": []
    },
    "UiPath.OmniPage.Activities": {
      "Id": "UiPath.OmniPage.Activities",
      "Version": "1.3.0-preview",
      "Dependencies": [
        {
          "Item1": "UiPath.OCR.Contracts",
          "Item2": "[2.3.0-preview, )"
        },
        {
          "Item1": "UiPath.OmniPage.Bundle",
          "Item2": "[1.0.1, )"
        },
        {
          "Item1": "Newtonsoft.Json",
          "Item2": "[11.0.2, )"
        }
      ]
    },
    "UiPath.OmniPage.Bundle": {
      "Id": "UiPath.OmniPage.Bundle",
      "Version": "1.0.1",
      "Dependencies": []
    },
    "UiPath.System.Activities": {
      "Id": "UiPath.System.Activities",
      "Version": "20.2.0-beta.752105",
      "Dependencies": [
        {
          "Item1": "CsvHelper",
          "Item2": "[2.13.5, )"
        },
        {
          "Item1": "Microsoft.AspNet.SignalR.Client",
          "Item2": "[2.4.0, )"
        },
        {
          "Item1": "Microsoft.Rest.ClientRuntime",
          "Item2": "[2.3.20, )"
        },
        {
          "Item1": "Newtonsoft.Json",
          "Item2": "[11.0.2, )"
        }
      ]
    },
    "UiPath.UIAutomationX.Activities": {
      "Id": "UiPath.UIAutomationX.Activities",
      "Version": "2.0.0-beta.752730",
      "Dependencies": [
        {
          "Item1": "UiPath",
          "Item2": "[20.2.7345.19097-preview, )"
        },
        {
          "Item1": "UiPath.Vision",
          "Item2": "[2.0.0, )"
        },
        {
          "Item1": "UiPath.OmniPage.Activities",
          "Item2": "[1.3.0-preview, )"
        },
        {
          "Item1": "AvalonEdit",
          "Item2": "[5.0.3, )"
        },
        {
          "Item1": "Extended.Wpf.Toolkit",
          "Item2": "[2.8.0, )"
        }
      ]
    },
    "UiPath.Vision": {
      "Id": "UiPath.Vision",
      "Version": "2.0.0",
      "Dependencies": [
        {
          "Item1": "UiPath.OCR.Contracts",
          "Item2": "[2.2.1, )"
        }
      ]
    },
    "UiPath.Word.Activities": {
      "Id": "UiPath.Word.Activities",
      "Version": "1.4.0-beta.746355",
      "Dependencies": [
        {
          "Item1": "DocX",
          "Item2": "[1.0.0.18, )"
        }
      ]
    }
  }
}